ID,label
1.jpg,ssss
2.jpg,ssss
3.jpg,ssss
4.jpg,ssss
5.jpg,ssss
6.jpg,ssss
7.jpg,ssss
8.jpg,ssss
9.jpg,ssss
10.jpg,ssss
11.jpg,ssss
12.jpg,ssss
13.jpg,ssss
14.jpg,ssss
15.jpg,ssss
16.jpg,ssss
17.jpg,ssss
18.jpg,ssss
19.jpg,ssss
20.jpg,ssss
21.jpg,ssss
22.jpg,ssss
23.jpg,ssss
24.jpg,ssss
25.jpg,ssss
26.jpg,ssss
27.jpg,ssss
28.jpg,ssss
29.jpg,ssss
30.jpg,ssss
31.jpg,ssss
32.jpg,ssss
33.jpg,ssss
34.jpg,ssss
35.jpg,ssss
36.jpg,ssss
37.jpg,ssss
38.jpg,ssss
39.jpg,ssss
40.jpg,ssss
41.jpg,ssss
42.jpg,ssss
43.jpg,ssss
44.jpg,ssss
45.jpg,ssss
46.jpg,ssss
47.jpg,ssss
48.jpg,ssss
49.jpg,ssss
50.jpg,ssss
51.jpg,ssss
52.jpg,ssss
53.jpg,ssss
54.jpg,ssss
55.jpg,ssss
56.jpg,ssss
57.jpg,ssss
58.jpg,ssss
59.jpg,ssss
60.jpg,ssss
61.jpg,ssss
62.jpg,ssss
63.jpg,ssss
64.jpg,ssss
65.jpg,ssss
66.jpg,ssss
67.jpg,ssss
68.jpg,ssss
69.jpg,ssss
70.jpg,ssss
71.jpg,ssss
72.jpg,ssss
73.jpg,ssss
74.jpg,ssss
75.jpg,ssss
76.jpg,ssss
77.jpg,ssss
78.jpg,ssss
79.jpg,ssss
80.jpg,ssss
81.jpg,ssss
82.jpg,ssss
83.jpg,ssss
84.jpg,ssss
85.jpg,ssss
86.jpg,ssss
87.jpg,ssss
88.jpg,ssss
89.jpg,ssss
90.jpg,ssss
91.jpg,ssss
92.jpg,ssss
93.jpg,ssss
94.jpg,ssss
95.jpg,ssss
96.jpg,ssss
97.jpg,ssss
98.jpg,ssss
99.jpg,ssss
100.jpg,ssss
101.jpg,ssss
102.jpg,ssss
103.jpg,ssss
104.jpg,ssss
105.jpg,ssss
106.jpg,ssss
107.jpg,ssss
108.jpg,ssss
109.jpg,ssss
110.jpg,ssss
111.jpg,ssss
112.jpg,ssss
113.jpg,ssss
114.jpg,ssss
115.jpg,ssss
116.jpg,ssss
117.jpg,ssss
118.jpg,ssss
119.jpg,ssss
120.jpg,ssss
121.jpg,ssss
122.jpg,ssss
123.jpg,ssss
124.jpg,ssss
125.jpg,ssss
126.jpg,ssss
127.jpg,ssss
128.jpg,ssss
129.jpg,ssss
130.jpg,ssss
131.jpg,ssss
132.jpg,ssss
133.jpg,ssss
134.jpg,ssss
135.jpg,ssss
136.jpg,ssss
137.jpg,ssss
138.jpg,ssss
139.jpg,ssss
140.jpg,ssss
141.jpg,ssss
142.jpg,ssss
143.jpg,ssss
144.jpg,ssss
145.jpg,ssss
146.jpg,ssss
147.jpg,ssss
148.jpg,ssss
149.jpg,ssss
150.jpg,ssss
151.jpg,ssss
152.jpg,ssss
153.jpg,ssss
154.jpg,ssss
155.jpg,ssss
156.jpg,ssss
157.jpg,ssss
158.jpg,ssss
159.jpg,ssss
160.jpg,ssss
161.jpg,ssss
162.jpg,ssss
163.jpg,ssss
164.jpg,ssss
165.jpg,ssss
166.jpg,ssss
167.jpg,ssss
168.jpg,ssss
169.jpg,ssss
170.jpg,ssss
171.jpg,ssss
172.jpg,ssss
173.jpg,ssss
174.jpg,ssss
175.jpg,ssss
176.jpg,ssss
177.jpg,ssss
178.jpg,ssss
179.jpg,ssss
180.jpg,ssss
181.jpg,ssss
182.jpg,ssss
183.jpg,ssss
184.jpg,ssss
185.jpg,ssss
186.jpg,ssss
187.jpg,ssss
188.jpg,ssss
189.jpg,ssss
190.jpg,ssss
191.jpg,ssss
192.jpg,ssss
193.jpg,ssss
194.jpg,ssss
195.jpg,ssss
196.jpg,ssss
197.jpg,ssss
198.jpg,ssss
199.jpg,ssss
200.jpg,ssss
201.jpg,ssss
202.jpg,ssss
203.jpg,ssss
204.jpg,ssss
205.jpg,ssss
206.jpg,ssss
207.jpg,ssss
208.jpg,ssss
209.jpg,ssss
210.jpg,ssss
211.jpg,ssss
212.jpg,ssss
213.jpg,ssss
214.jpg,ssss
215.jpg,ssss
216.jpg,ssss
217.jpg,ssss
218.jpg,ssss
219.jpg,ssss
220.jpg,ssss
221.jpg,ssss
222.jpg,ssss
223.jpg,ssss
224.jpg,ssss
225.jpg,ssss
226.jpg,ssss
227.jpg,ssss
228.jpg,ssss
229.jpg,ssss
230.jpg,ssss
231.jpg,ssss
232.jpg,ssss
233.jpg,ssss
234.jpg,ssss
235.jpg,ssss
236.jpg,ssss
237.jpg,ssss
238.jpg,ssss
239.jpg,ssss
240.jpg,ssss
241.jpg,ssss
242.jpg,ssss
243.jpg,ssss
244.jpg,ssss
245.jpg,ssss
246.jpg,ssss
247.jpg,ssss
248.jpg,ssss
249.jpg,ssss
250.jpg,ssss
251.jpg,ssss
252.jpg,ssss
253.jpg,ssss
254.jpg,ssss
255.jpg,ssss
256.jpg,ssss
257.jpg,ssss
258.jpg,ssss
259.jpg,ssss
260.jpg,ssss
261.jpg,ssss
262.jpg,ssss
263.jpg,ssss
264.jpg,ssss
265.jpg,ssss
266.jpg,ssss
267.jpg,ssss
268.jpg,ssss
269.jpg,ssss
270.jpg,ssss
271.jpg,ssss
272.jpg,ssss
273.jpg,ssss
274.jpg,ssss
275.jpg,ssss
276.jpg,ssss
277.jpg,ssss
278.jpg,ssss
279.jpg,ssss
280.jpg,ssss
281.jpg,ssss
282.jpg,ssss
283.jpg,ssss
284.jpg,ssss
285.jpg,ssss
286.jpg,ssss
287.jpg,ssss
288.jpg,ssss
289.jpg,ssss
290.jpg,ssss
291.jpg,ssss
292.jpg,ssss
293.jpg,ssss
294.jpg,ssss
295.jpg,ssss
296.jpg,ssss
297.jpg,ssss
298.jpg,ssss
299.jpg,ssss
300.jpg,ssss
301.jpg,ssss
302.jpg,ssss
303.jpg,ssss
304.jpg,ssss
305.jpg,ssss
306.jpg,ssss
307.jpg,ssss
308.jpg,ssss
309.jpg,ssss
310.jpg,ssss
311.jpg,ssss
312.jpg,ssss
313.jpg,ssss
314.jpg,ssss
315.jpg,ssss
316.jpg,ssss
317.jpg,ssss
318.jpg,ssss
319.jpg,ssss
320.jpg,ssss
321.jpg,ssss
322.jpg,ssss
323.jpg,ssss
324.jpg,ssss
325.jpg,ssss
326.jpg,ssss
327.jpg,ssss
328.jpg,ssss
329.jpg,ssss
330.jpg,ssss
331.jpg,ssss
332.jpg,ssss
333.jpg,ssss
334.jpg,ssss
335.jpg,ssss
336.jpg,ssss
337.jpg,ssss
338.jpg,ssss
339.jpg,ssss
340.jpg,ssss
341.jpg,ssss
342.jpg,ssss
343.jpg,ssss
344.jpg,ssss
345.jpg,ssss
346.jpg,ssss
347.jpg,ssss
348.jpg,ssss
349.jpg,ssss
350.jpg,ssss
351.jpg,ssss
352.jpg,ssss
353.jpg,ssss
354.jpg,ssss
355.jpg,ssss
356.jpg,ssss
357.jpg,ssss
358.jpg,ssss
359.jpg,ssss
360.jpg,ssss
361.jpg,ssss
362.jpg,ssss
363.jpg,ssss
364.jpg,ssss
365.jpg,ssss
366.jpg,ssss
367.jpg,ssss
368.jpg,ssss
369.jpg,ssss
370.jpg,ssss
371.jpg,ssss
372.jpg,ssss
373.jpg,ssss
374.jpg,ssss
375.jpg,ssss
376.jpg,ssss
377.jpg,ssss
378.jpg,ssss
379.jpg,ssss
380.jpg,ssss
381.jpg,ssss
382.jpg,ssss
383.jpg,ssss
384.jpg,ssss
385.jpg,ssss
386.jpg,ssss
387.jpg,ssss
388.jpg,ssss
389.jpg,ssss
390.jpg,ssss
391.jpg,ssss
392.jpg,ssss
393.jpg,ssss
394.jpg,ssss
395.jpg,ssss
396.jpg,ssss
397.jpg,ssss
398.jpg,ssss
399.jpg,ssss
400.jpg,ssss
401.jpg,ssss
402.jpg,ssss
403.jpg,ssss
404.jpg,ssss
405.jpg,ssss
406.jpg,ssss
407.jpg,ssss
408.jpg,ssss
409.jpg,ssss
410.jpg,ssss
411.jpg,ssss
412.jpg,ssss
413.jpg,ssss
414.jpg,ssss
415.jpg,ssss
416.jpg,ssss
417.jpg,ssss
418.jpg,ssss
419.jpg,ssss
420.jpg,ssss
421.jpg,ssss
422.jpg,ssss
423.jpg,ssss
424.jpg,ssss
425.jpg,ssss
426.jpg,ssss
427.jpg,ssss
428.jpg,ssss
429.jpg,ssss
430.jpg,ssss
431.jpg,ssss
432.jpg,ssss
433.jpg,ssss
434.jpg,ssss
435.jpg,ssss
436.jpg,ssss
437.jpg,ssss
438.jpg,ssss
439.jpg,ssss
440.jpg,ssss
441.jpg,ssss
442.jpg,ssss
443.jpg,ssss
444.jpg,ssss
445.jpg,ssss
446.jpg,ssss
447.jpg,ssss
448.jpg,ssss
449.jpg,ssss
450.jpg,ssss
451.jpg,ssss
452.jpg,ssss
453.jpg,ssss
454.jpg,ssss
455.jpg,ssss
456.jpg,ssss
457.jpg,ssss
458.jpg,ssss
459.jpg,ssss
460.jpg,ssss
461.jpg,ssss
462.jpg,ssss
463.jpg,ssss
464.jpg,ssss
465.jpg,ssss
466.jpg,ssss
467.jpg,ssss
468.jpg,ssss
469.jpg,ssss
470.jpg,ssss
471.jpg,ssss
472.jpg,ssss
473.jpg,ssss
474.jpg,ssss
475.jpg,ssss
476.jpg,ssss
477.jpg,ssss
478.jpg,ssss
479.jpg,ssss
480.jpg,ssss
481.jpg,ssss
482.jpg,ssss
483.jpg,ssss
484.jpg,ssss
485.jpg,ssss
486.jpg,ssss
487.jpg,ssss
488.jpg,ssss
489.jpg,ssss
490.jpg,ssss
491.jpg,ssss
492.jpg,ssss
493.jpg,ssss
494.jpg,ssss
495.jpg,ssss
496.jpg,ssss
497.jpg,ssss
498.jpg,ssss
499.jpg,ssss
500.jpg,ssss
501.jpg,ssss
502.jpg,ssss
503.jpg,ssss
504.jpg,ssss
505.jpg,ssss
506.jpg,ssss
507.jpg,ssss
508.jpg,ssss
509.jpg,ssss
510.jpg,ssss
511.jpg,ssss
512.jpg,ssss
513.jpg,ssss
514.jpg,ssss
515.jpg,ssss
516.jpg,ssss
517.jpg,ssss
518.jpg,ssss
519.jpg,ssss
520.jpg,ssss
521.jpg,ssss
522.jpg,ssss
523.jpg,ssss
524.jpg,ssss
525.jpg,ssss
526.jpg,ssss
527.jpg,ssss
528.jpg,ssss
529.jpg,ssss
530.jpg,ssss
531.jpg,ssss
532.jpg,ssss
533.jpg,ssss
534.jpg,ssss
535.jpg,ssss
536.jpg,ssss
537.jpg,ssss
538.jpg,ssss
539.jpg,ssss
540.jpg,ssss
541.jpg,ssss
542.jpg,ssss
543.jpg,ssss
544.jpg,ssss
545.jpg,ssss
546.jpg,ssss
547.jpg,ssss
548.jpg,ssss
549.jpg,ssss
550.jpg,ssss
551.jpg,ssss
552.jpg,ssss
553.jpg,ssss
554.jpg,ssss
555.jpg,ssss
556.jpg,ssss
557.jpg,ssss
558.jpg,ssss
559.jpg,ssss
560.jpg,ssss
561.jpg,ssss
562.jpg,ssss
563.jpg,ssss
564.jpg,ssss
565.jpg,ssss
566.jpg,ssss
567.jpg,ssss
568.jpg,ssss
569.jpg,ssss
570.jpg,ssss
571.jpg,ssss
572.jpg,ssss
573.jpg,ssss
574.jpg,ssss
575.jpg,ssss
576.jpg,ssss
577.jpg,ssss
578.jpg,ssss
579.jpg,ssss
580.jpg,ssss
581.jpg,ssss
582.jpg,ssss
583.jpg,ssss
584.jpg,ssss
585.jpg,ssss
586.jpg,ssss
587.jpg,ssss
588.jpg,ssss
589.jpg,ssss
590.jpg,ssss
591.jpg,ssss
592.jpg,ssss
593.jpg,ssss
594.jpg,ssss
595.jpg,ssss
596.jpg,ssss
597.jpg,ssss
598.jpg,ssss
599.jpg,ssss
600.jpg,ssss
601.jpg,ssss
602.jpg,ssss
603.jpg,ssss
604.jpg,ssss
605.jpg,ssss
606.jpg,ssss
607.jpg,ssss
608.jpg,ssss
609.jpg,ssss
610.jpg,ssss
611.jpg,ssss
612.jpg,ssss
613.jpg,ssss
614.jpg,ssss
615.jpg,ssss
616.jpg,ssss
617.jpg,ssss
618.jpg,ssss
619.jpg,ssss
620.jpg,ssss
621.jpg,ssss
622.jpg,ssss
623.jpg,ssss
624.jpg,ssss
625.jpg,ssss
626.jpg,ssss
627.jpg,ssss
628.jpg,ssss
629.jpg,ssss
630.jpg,ssss
631.jpg,ssss
632.jpg,ssss
633.jpg,ssss
634.jpg,ssss
635.jpg,ssss
636.jpg,ssss
637.jpg,ssss
638.jpg,ssss
639.jpg,ssss
640.jpg,ssss
641.jpg,ssss
642.jpg,ssss
643.jpg,ssss
644.jpg,ssss
645.jpg,ssss
646.jpg,ssss
647.jpg,ssss
648.jpg,ssss
649.jpg,ssss
650.jpg,ssss
651.jpg,ssss
652.jpg,ssss
653.jpg,ssss
654.jpg,ssss
655.jpg,ssss
656.jpg,ssss
657.jpg,ssss
658.jpg,ssss
659.jpg,ssss
660.jpg,ssss
661.jpg,ssss
662.jpg,ssss
663.jpg,ssss
664.jpg,ssss
665.jpg,ssss
666.jpg,ssss
667.jpg,ssss
668.jpg,ssss
669.jpg,ssss
670.jpg,ssss
671.jpg,ssss
672.jpg,ssss
673.jpg,ssss
674.jpg,ssss
675.jpg,ssss
676.jpg,ssss
677.jpg,ssss
678.jpg,ssss
679.jpg,ssss
680.jpg,ssss
681.jpg,ssss
682.jpg,ssss
683.jpg,ssss
684.jpg,ssss
685.jpg,ssss
686.jpg,ssss
687.jpg,ssss
688.jpg,ssss
689.jpg,ssss
690.jpg,ssss
691.jpg,ssss
692.jpg,ssss
693.jpg,ssss
694.jpg,ssss
695.jpg,ssss
696.jpg,ssss
697.jpg,ssss
698.jpg,ssss
699.jpg,ssss
700.jpg,ssss
701.jpg,ssss
702.jpg,ssss
703.jpg,ssss
704.jpg,ssss
705.jpg,ssss
706.jpg,ssss
707.jpg,ssss
708.jpg,ssss
709.jpg,ssss
710.jpg,ssss
711.jpg,ssss
712.jpg,ssss
713.jpg,ssss
714.jpg,ssss
715.jpg,ssss
716.jpg,ssss
717.jpg,ssss
718.jpg,ssss
719.jpg,ssss
720.jpg,ssss
721.jpg,ssss
722.jpg,ssss
723.jpg,ssss
724.jpg,ssss
725.jpg,ssss
726.jpg,ssss
727.jpg,ssss
728.jpg,ssss
729.jpg,ssss
730.jpg,ssss
731.jpg,ssss
732.jpg,ssss
733.jpg,ssss
734.jpg,ssss
735.jpg,ssss
736.jpg,ssss
737.jpg,ssss
738.jpg,ssss
739.jpg,ssss
740.jpg,ssss
741.jpg,ssss
742.jpg,ssss
743.jpg,ssss
744.jpg,ssss
745.jpg,ssss
746.jpg,ssss
747.jpg,ssss
748.jpg,ssss
749.jpg,ssss
750.jpg,ssss
751.jpg,ssss
752.jpg,ssss
753.jpg,ssss
754.jpg,ssss
755.jpg,ssss
756.jpg,ssss
757.jpg,ssss
758.jpg,ssss
759.jpg,ssss
760.jpg,ssss
761.jpg,ssss
762.jpg,ssss
763.jpg,ssss
764.jpg,ssss
765.jpg,ssss
766.jpg,ssss
767.jpg,ssss
768.jpg,ssss
769.jpg,ssss
770.jpg,ssss
771.jpg,ssss
772.jpg,ssss
773.jpg,ssss
774.jpg,ssss
775.jpg,ssss
776.jpg,ssss
777.jpg,ssss
778.jpg,ssss
779.jpg,ssss
780.jpg,ssss
781.jpg,ssss
782.jpg,ssss
783.jpg,ssss
784.jpg,ssss
785.jpg,ssss
786.jpg,ssss
787.jpg,ssss
788.jpg,ssss
789.jpg,ssss
790.jpg,ssss
791.jpg,ssss
792.jpg,ssss
793.jpg,ssss
794.jpg,ssss
795.jpg,ssss
796.jpg,ssss
797.jpg,ssss
798.jpg,ssss
799.jpg,ssss
800.jpg,ssss
801.jpg,ssss
802.jpg,ssss
803.jpg,ssss
804.jpg,ssss
805.jpg,ssss
806.jpg,ssss
807.jpg,ssss
808.jpg,ssss
809.jpg,ssss
810.jpg,ssss
811.jpg,ssss
812.jpg,ssss
813.jpg,ssss
814.jpg,ssss
815.jpg,ssss
816.jpg,ssss
817.jpg,ssss
818.jpg,ssss
819.jpg,ssss
820.jpg,ssss
821.jpg,ssss
822.jpg,ssss
823.jpg,ssss
824.jpg,ssss
825.jpg,ssss
826.jpg,ssss
827.jpg,ssss
828.jpg,ssss
829.jpg,ssss
830.jpg,ssss
831.jpg,ssss
832.jpg,ssss
833.jpg,ssss
834.jpg,ssss
835.jpg,ssss
836.jpg,ssss
837.jpg,ssss
838.jpg,ssss
839.jpg,ssss
840.jpg,ssss
841.jpg,ssss
842.jpg,ssss
843.jpg,ssss
844.jpg,ssss
845.jpg,ssss
846.jpg,ssss
847.jpg,ssss
848.jpg,ssss
849.jpg,ssss
850.jpg,ssss
851.jpg,ssss
852.jpg,ssss
853.jpg,ssss
854.jpg,ssss
855.jpg,ssss
856.jpg,ssss
857.jpg,ssss
858.jpg,ssss
859.jpg,ssss
860.jpg,ssss
861.jpg,ssss
862.jpg,ssss
863.jpg,ssss
864.jpg,ssss
865.jpg,ssss
866.jpg,ssss
867.jpg,ssss
868.jpg,ssss
869.jpg,ssss
870.jpg,ssss
871.jpg,ssss
872.jpg,ssss
873.jpg,ssss
874.jpg,ssss
875.jpg,ssss
876.jpg,ssss
877.jpg,ssss
878.jpg,ssss
879.jpg,ssss
880.jpg,ssss
881.jpg,ssss
882.jpg,ssss
883.jpg,ssss
884.jpg,ssss
885.jpg,ssss
886.jpg,ssss
887.jpg,ssss
888.jpg,ssss
889.jpg,ssss
890.jpg,ssss
891.jpg,ssss
892.jpg,ssss
893.jpg,ssss
894.jpg,ssss
895.jpg,ssss
896.jpg,ssss
897.jpg,ssss
898.jpg,ssss
899.jpg,ssss
900.jpg,ssss
901.jpg,ssss
902.jpg,ssss
903.jpg,ssss
904.jpg,ssss
905.jpg,ssss
906.jpg,ssss
907.jpg,ssss
908.jpg,ssss
909.jpg,ssss
910.jpg,ssss
911.jpg,ssss
912.jpg,ssss
913.jpg,ssss
914.jpg,ssss
915.jpg,ssss
916.jpg,ssss
917.jpg,ssss
918.jpg,ssss
919.jpg,ssss
920.jpg,ssss
921.jpg,ssss
922.jpg,ssss
923.jpg,ssss
924.jpg,ssss
925.jpg,ssss
926.jpg,ssss
927.jpg,ssss
928.jpg,ssss
929.jpg,ssss
930.jpg,ssss
931.jpg,ssss
932.jpg,ssss
933.jpg,ssss
934.jpg,ssss
935.jpg,ssss
936.jpg,ssss
937.jpg,ssss
938.jpg,ssss
939.jpg,ssss
940.jpg,ssss
941.jpg,ssss
942.jpg,ssss
943.jpg,ssss
944.jpg,ssss
945.jpg,ssss
946.jpg,ssss
947.jpg,ssss
948.jpg,ssss
949.jpg,ssss
950.jpg,ssss
951.jpg,ssss
952.jpg,ssss
953.jpg,ssss
954.jpg,ssss
955.jpg,ssss
956.jpg,ssss
957.jpg,ssss
958.jpg,ssss
959.jpg,ssss
960.jpg,ssss
961.jpg,ssss
962.jpg,ssss
963.jpg,ssss
964.jpg,ssss
965.jpg,ssss
966.jpg,ssss
967.jpg,ssss
968.jpg,ssss
969.jpg,ssss
970.jpg,ssss
971.jpg,ssss
972.jpg,ssss
973.jpg,ssss
974.jpg,ssss
975.jpg,ssss
976.jpg,ssss
977.jpg,ssss
978.jpg,ssss
979.jpg,ssss
980.jpg,ssss
981.jpg,ssss
982.jpg,ssss
983.jpg,ssss
984.jpg,ssss
985.jpg,ssss
986.jpg,ssss
987.jpg,ssss
988.jpg,ssss
989.jpg,ssss
990.jpg,ssss
991.jpg,ssss
992.jpg,ssss
993.jpg,ssss
994.jpg,ssss
995.jpg,ssss
996.jpg,ssss
997.jpg,ssss
998.jpg,ssss
999.jpg,ssss
1000.jpg,ssss
1001.jpg,ssss
1002.jpg,ssss
1003.jpg,ssss
1004.jpg,ssss
1005.jpg,ssss
1006.jpg,ssss
1007.jpg,ssss
1008.jpg,ssss
1009.jpg,ssss
1010.jpg,ssss
1011.jpg,ssss
1012.jpg,ssss
1013.jpg,ssss
1014.jpg,ssss
1015.jpg,ssss
1016.jpg,ssss
1017.jpg,ssss
1018.jpg,ssss
1019.jpg,ssss
1020.jpg,ssss
1021.jpg,ssss
1022.jpg,ssss
1023.jpg,ssss
1024.jpg,ssss
1025.jpg,ssss
1026.jpg,ssss
1027.jpg,ssss
1028.jpg,ssss
1029.jpg,ssss
1030.jpg,ssss
1031.jpg,ssss
1032.jpg,ssss
1033.jpg,ssss
1034.jpg,ssss
1035.jpg,ssss
1036.jpg,ssss
1037.jpg,ssss
1038.jpg,ssss
1039.jpg,ssss
1040.jpg,ssss
1041.jpg,ssss
1042.jpg,ssss
1043.jpg,ssss
1044.jpg,ssss
1045.jpg,ssss
1046.jpg,ssss
1047.jpg,ssss
1048.jpg,ssss
1049.jpg,ssss
1050.jpg,ssss
1051.jpg,ssss
1052.jpg,ssss
1053.jpg,ssss
1054.jpg,ssss
1055.jpg,ssss
1056.jpg,ssss
1057.jpg,ssss
1058.jpg,ssss
1059.jpg,ssss
1060.jpg,ssss
1061.jpg,ssss
1062.jpg,ssss
1063.jpg,ssss
1064.jpg,ssss
1065.jpg,ssss
1066.jpg,ssss
1067.jpg,ssss
1068.jpg,ssss
1069.jpg,ssss
1070.jpg,ssss
1071.jpg,ssss
1072.jpg,ssss
1073.jpg,ssss
1074.jpg,ssss
1075.jpg,ssss
1076.jpg,ssss
1077.jpg,ssss
1078.jpg,ssss
1079.jpg,ssss
1080.jpg,ssss
1081.jpg,ssss
1082.jpg,ssss
1083.jpg,ssss
1084.jpg,ssss
1085.jpg,ssss
1086.jpg,ssss
1087.jpg,ssss
1088.jpg,ssss
1089.jpg,ssss
1090.jpg,ssss
1091.jpg,ssss
1092.jpg,ssss
1093.jpg,ssss
1094.jpg,ssss
1095.jpg,ssss
1096.jpg,ssss
1097.jpg,ssss
1098.jpg,ssss
1099.jpg,ssss
1100.jpg,ssss
1101.jpg,ssss
1102.jpg,ssss
1103.jpg,ssss
1104.jpg,ssss
1105.jpg,ssss
1106.jpg,ssss
1107.jpg,ssss
1108.jpg,ssss
1109.jpg,ssss
1110.jpg,ssss
1111.jpg,ssss
1112.jpg,ssss
1113.jpg,ssss
1114.jpg,ssss
1115.jpg,ssss
1116.jpg,ssss
1117.jpg,ssss
1118.jpg,ssss
1119.jpg,ssss
1120.jpg,ssss
1121.jpg,ssss
1122.jpg,ssss
1123.jpg,ssss
1124.jpg,ssss
1125.jpg,ssss
1126.jpg,ssss
1127.jpg,ssss
1128.jpg,ssss
1129.jpg,ssss
1130.jpg,ssss
1131.jpg,ssss
1132.jpg,ssss
1133.jpg,ssss
1134.jpg,ssss
1135.jpg,ssss
1136.jpg,ssss
1137.jpg,ssss
1138.jpg,ssss
1139.jpg,ssss
1140.jpg,ssss
1141.jpg,ssss
1142.jpg,ssss
1143.jpg,ssss
1144.jpg,ssss
1145.jpg,ssss
1146.jpg,ssss
1147.jpg,ssss
1148.jpg,ssss
1149.jpg,ssss
1150.jpg,ssss
1151.jpg,ssss
1152.jpg,ssss
1153.jpg,ssss
1154.jpg,ssss
1155.jpg,ssss
1156.jpg,ssss
1157.jpg,ssss
1158.jpg,ssss
1159.jpg,ssss
1160.jpg,ssss
1161.jpg,ssss
1162.jpg,ssss
1163.jpg,ssss
1164.jpg,ssss
1165.jpg,ssss
1166.jpg,ssss
1167.jpg,ssss
1168.jpg,ssss
1169.jpg,ssss
1170.jpg,ssss
1171.jpg,ssss
1172.jpg,ssss
1173.jpg,ssss
1174.jpg,ssss
1175.jpg,ssss
1176.jpg,ssss
1177.jpg,ssss
1178.jpg,ssss
1179.jpg,ssss
1180.jpg,ssss
1181.jpg,ssss
1182.jpg,ssss
1183.jpg,ssss
1184.jpg,ssss
1185.jpg,ssss
1186.jpg,ssss
1187.jpg,ssss
1188.jpg,ssss
1189.jpg,ssss
1190.jpg,ssss
1191.jpg,ssss
1192.jpg,ssss
1193.jpg,ssss
1194.jpg,ssss
1195.jpg,ssss
1196.jpg,ssss
1197.jpg,ssss
1198.jpg,ssss
1199.jpg,ssss
1200.jpg,ssss
1201.jpg,ssss
1202.jpg,ssss
1203.jpg,ssss
1204.jpg,ssss
1205.jpg,ssss
1206.jpg,ssss
1207.jpg,ssss
1208.jpg,ssss
1209.jpg,ssss
1210.jpg,ssss
1211.jpg,ssss
1212.jpg,ssss
1213.jpg,ssss
1214.jpg,ssss
1215.jpg,ssss
1216.jpg,ssss
1217.jpg,ssss
1218.jpg,ssss
1219.jpg,ssss
1220.jpg,ssss
1221.jpg,ssss
1222.jpg,ssss
1223.jpg,ssss
1224.jpg,ssss
1225.jpg,ssss
1226.jpg,ssss
1227.jpg,ssss
1228.jpg,ssss
1229.jpg,ssss
1230.jpg,ssss
1231.jpg,ssss
1232.jpg,ssss
1233.jpg,ssss
1234.jpg,ssss
1235.jpg,ssss
1236.jpg,ssss
1237.jpg,ssss
1238.jpg,ssss
1239.jpg,ssss
1240.jpg,ssss
1241.jpg,ssss
1242.jpg,ssss
1243.jpg,ssss
1244.jpg,ssss
1245.jpg,ssss
1246.jpg,ssss
1247.jpg,ssss
1248.jpg,ssss
1249.jpg,ssss
1250.jpg,ssss
1251.jpg,ssss
1252.jpg,ssss
1253.jpg,ssss
1254.jpg,ssss
1255.jpg,ssss
1256.jpg,ssss
1257.jpg,ssss
1258.jpg,ssss
1259.jpg,ssss
1260.jpg,ssss
1261.jpg,ssss
1262.jpg,ssss
1263.jpg,ssss
1264.jpg,ssss
1265.jpg,ssss
1266.jpg,ssss
1267.jpg,ssss
1268.jpg,ssss
1269.jpg,ssss
1270.jpg,ssss
1271.jpg,ssss
1272.jpg,ssss
1273.jpg,ssss
1274.jpg,ssss
1275.jpg,ssss
1276.jpg,ssss
1277.jpg,ssss
1278.jpg,ssss
1279.jpg,ssss
1280.jpg,ssss
1281.jpg,ssss
1282.jpg,ssss
1283.jpg,ssss
1284.jpg,ssss
1285.jpg,ssss
1286.jpg,ssss
1287.jpg,ssss
1288.jpg,ssss
1289.jpg,ssss
1290.jpg,ssss
1291.jpg,ssss
1292.jpg,ssss
1293.jpg,ssss
1294.jpg,ssss
1295.jpg,ssss
1296.jpg,ssss
1297.jpg,ssss
1298.jpg,ssss
1299.jpg,ssss
1300.jpg,ssss
1301.jpg,ssss
1302.jpg,ssss
1303.jpg,ssss
1304.jpg,ssss
1305.jpg,ssss
1306.jpg,ssss
1307.jpg,ssss
1308.jpg,ssss
1309.jpg,ssss
1310.jpg,ssss
1311.jpg,ssss
1312.jpg,ssss
1313.jpg,ssss
1314.jpg,ssss
1315.jpg,ssss
1316.jpg,ssss
1317.jpg,ssss
1318.jpg,ssss
1319.jpg,ssss
1320.jpg,ssss
1321.jpg,ssss
1322.jpg,ssss
1323.jpg,ssss
1324.jpg,ssss
1325.jpg,ssss
1326.jpg,ssss
1327.jpg,ssss
1328.jpg,ssss
1329.jpg,ssss
1330.jpg,ssss
1331.jpg,ssss
1332.jpg,ssss
1333.jpg,ssss
1334.jpg,ssss
1335.jpg,ssss
1336.jpg,ssss
1337.jpg,ssss
1338.jpg,ssss
1339.jpg,ssss
1340.jpg,ssss
1341.jpg,ssss
1342.jpg,ssss
1343.jpg,ssss
1344.jpg,ssss
1345.jpg,ssss
1346.jpg,ssss
1347.jpg,ssss
1348.jpg,ssss
1349.jpg,ssss
1350.jpg,ssss
1351.jpg,ssss
1352.jpg,ssss
1353.jpg,ssss
1354.jpg,ssss
1355.jpg,ssss
1356.jpg,ssss
1357.jpg,ssss
1358.jpg,ssss
1359.jpg,ssss
1360.jpg,ssss
1361.jpg,ssss
1362.jpg,ssss
1363.jpg,ssss
1364.jpg,ssss
1365.jpg,ssss
1366.jpg,ssss
1367.jpg,ssss
1368.jpg,ssss
1369.jpg,ssss
1370.jpg,ssss
1371.jpg,ssss
1372.jpg,ssss
1373.jpg,ssss
1374.jpg,ssss
1375.jpg,ssss
1376.jpg,ssss
1377.jpg,ssss
1378.jpg,ssss
1379.jpg,ssss
1380.jpg,ssss
1381.jpg,ssss
1382.jpg,ssss
1383.jpg,ssss
1384.jpg,ssss
1385.jpg,ssss
1386.jpg,ssss
1387.jpg,ssss
1388.jpg,ssss
1389.jpg,ssss
1390.jpg,ssss
1391.jpg,ssss
1392.jpg,ssss
1393.jpg,ssss
1394.jpg,ssss
1395.jpg,ssss
1396.jpg,ssss
1397.jpg,ssss
1398.jpg,ssss
1399.jpg,ssss
1400.jpg,ssss
1401.jpg,ssss
1402.jpg,ssss
1403.jpg,ssss
1404.jpg,ssss
1405.jpg,ssss
1406.jpg,ssss
1407.jpg,ssss
1408.jpg,ssss
1409.jpg,ssss
1410.jpg,ssss
1411.jpg,ssss
1412.jpg,ssss
1413.jpg,ssss
1414.jpg,ssss
1415.jpg,ssss
1416.jpg,ssss
1417.jpg,ssss
1418.jpg,ssss
1419.jpg,ssss
1420.jpg,ssss
1421.jpg,ssss
1422.jpg,ssss
1423.jpg,ssss
1424.jpg,ssss
1425.jpg,ssss
1426.jpg,ssss
1427.jpg,ssss
1428.jpg,ssss
1429.jpg,ssss
1430.jpg,ssss
1431.jpg,ssss
1432.jpg,ssss
1433.jpg,ssss
1434.jpg,ssss
1435.jpg,ssss
1436.jpg,ssss
1437.jpg,ssss
1438.jpg,ssss
1439.jpg,ssss
1440.jpg,ssss
1441.jpg,ssss
1442.jpg,ssss
1443.jpg,ssss
1444.jpg,ssss
1445.jpg,ssss
1446.jpg,ssss
1447.jpg,ssss
1448.jpg,ssss
1449.jpg,ssss
1450.jpg,ssss
1451.jpg,ssss
1452.jpg,ssss
1453.jpg,ssss
1454.jpg,ssss
1455.jpg,ssss
1456.jpg,ssss
1457.jpg,ssss
1458.jpg,ssss
1459.jpg,ssss
1460.jpg,ssss
1461.jpg,ssss
1462.jpg,ssss
1463.jpg,ssss
1464.jpg,ssss
1465.jpg,ssss
1466.jpg,ssss
1467.jpg,ssss
1468.jpg,ssss
1469.jpg,ssss
1470.jpg,ssss
1471.jpg,ssss
1472.jpg,ssss
1473.jpg,ssss
1474.jpg,ssss
1475.jpg,ssss
1476.jpg,ssss
1477.jpg,ssss
1478.jpg,ssss
1479.jpg,ssss
1480.jpg,ssss
1481.jpg,ssss
1482.jpg,ssss
1483.jpg,ssss
1484.jpg,ssss
1485.jpg,ssss
1486.jpg,ssss
1487.jpg,ssss
1488.jpg,ssss
1489.jpg,ssss
1490.jpg,ssss
1491.jpg,ssss
1492.jpg,ssss
1493.jpg,ssss
1494.jpg,ssss
1495.jpg,ssss
1496.jpg,ssss
1497.jpg,ssss
1498.jpg,ssss
1499.jpg,ssss
1500.jpg,ssss
1501.jpg,ssss
1502.jpg,ssss
1503.jpg,ssss
1504.jpg,ssss
1505.jpg,ssss
1506.jpg,ssss
1507.jpg,ssss
1508.jpg,ssss
1509.jpg,ssss
1510.jpg,ssss
1511.jpg,ssss
1512.jpg,ssss
1513.jpg,ssss
1514.jpg,ssss
1515.jpg,ssss
1516.jpg,ssss
1517.jpg,ssss
1518.jpg,ssss
1519.jpg,ssss
1520.jpg,ssss
1521.jpg,ssss
1522.jpg,ssss
1523.jpg,ssss
1524.jpg,ssss
1525.jpg,ssss
1526.jpg,ssss
1527.jpg,ssss
1528.jpg,ssss
1529.jpg,ssss
1530.jpg,ssss
1531.jpg,ssss
1532.jpg,ssss
1533.jpg,ssss
1534.jpg,ssss
1535.jpg,ssss
1536.jpg,ssss
1537.jpg,ssss
1538.jpg,ssss
1539.jpg,ssss
1540.jpg,ssss
1541.jpg,ssss
1542.jpg,ssss
1543.jpg,ssss
1544.jpg,ssss
1545.jpg,ssss
1546.jpg,ssss
1547.jpg,ssss
1548.jpg,ssss
1549.jpg,ssss
1550.jpg,ssss
1551.jpg,ssss
1552.jpg,ssss
1553.jpg,ssss
1554.jpg,ssss
1555.jpg,ssss
1556.jpg,ssss
1557.jpg,ssss
1558.jpg,ssss
1559.jpg,ssss
1560.jpg,ssss
1561.jpg,ssss
1562.jpg,ssss
1563.jpg,ssss
1564.jpg,ssss
1565.jpg,ssss
1566.jpg,ssss
1567.jpg,ssss
1568.jpg,ssss
1569.jpg,ssss
1570.jpg,ssss
1571.jpg,ssss
1572.jpg,ssss
1573.jpg,ssss
1574.jpg,ssss
1575.jpg,ssss
1576.jpg,ssss
1577.jpg,ssss
1578.jpg,ssss
1579.jpg,ssss
1580.jpg,ssss
1581.jpg,ssss
1582.jpg,ssss
1583.jpg,ssss
1584.jpg,ssss
1585.jpg,ssss
1586.jpg,ssss
1587.jpg,ssss
1588.jpg,ssss
1589.jpg,ssss
1590.jpg,ssss
1591.jpg,ssss
1592.jpg,ssss
1593.jpg,ssss
1594.jpg,ssss
1595.jpg,ssss
1596.jpg,ssss
1597.jpg,ssss
1598.jpg,ssss
1599.jpg,ssss
1600.jpg,ssss
1601.jpg,ssss
1602.jpg,ssss
1603.jpg,ssss
1604.jpg,ssss
1605.jpg,ssss
1606.jpg,ssss
1607.jpg,ssss
1608.jpg,ssss
1609.jpg,ssss
1610.jpg,ssss
1611.jpg,ssss
1612.jpg,ssss
1613.jpg,ssss
1614.jpg,ssss
1615.jpg,ssss
1616.jpg,ssss
1617.jpg,ssss
1618.jpg,ssss
1619.jpg,ssss
1620.jpg,ssss
1621.jpg,ssss
1622.jpg,ssss
1623.jpg,ssss
1624.jpg,ssss
1625.jpg,ssss
1626.jpg,ssss
1627.jpg,ssss
1628.jpg,ssss
1629.jpg,ssss
1630.jpg,ssss
1631.jpg,ssss
1632.jpg,ssss
1633.jpg,ssss
1634.jpg,ssss
1635.jpg,ssss
1636.jpg,ssss
1637.jpg,ssss
1638.jpg,ssss
1639.jpg,ssss
1640.jpg,ssss
1641.jpg,ssss
1642.jpg,ssss
1643.jpg,ssss
1644.jpg,ssss
1645.jpg,ssss
1646.jpg,ssss
1647.jpg,ssss
1648.jpg,ssss
1649.jpg,ssss
1650.jpg,ssss
1651.jpg,ssss
1652.jpg,ssss
1653.jpg,ssss
1654.jpg,ssss
1655.jpg,ssss
1656.jpg,ssss
1657.jpg,ssss
1658.jpg,ssss
1659.jpg,ssss
1660.jpg,ssss
1661.jpg,ssss
1662.jpg,ssss
1663.jpg,ssss
1664.jpg,ssss
1665.jpg,ssss
1666.jpg,ssss
1667.jpg,ssss
1668.jpg,ssss
1669.jpg,ssss
1670.jpg,ssss
1671.jpg,ssss
1672.jpg,ssss
1673.jpg,ssss
1674.jpg,ssss
1675.jpg,ssss
1676.jpg,ssss
1677.jpg,ssss
1678.jpg,ssss
1679.jpg,ssss
1680.jpg,ssss
1681.jpg,ssss
1682.jpg,ssss
1683.jpg,ssss
1684.jpg,ssss
1685.jpg,ssss
1686.jpg,ssss
1687.jpg,ssss
1688.jpg,ssss
1689.jpg,ssss
1690.jpg,ssss
1691.jpg,ssss
1692.jpg,ssss
1693.jpg,ssss
1694.jpg,ssss
1695.jpg,ssss
1696.jpg,ssss
1697.jpg,ssss
1698.jpg,ssss
1699.jpg,ssss
1700.jpg,ssss
1701.jpg,ssss
1702.jpg,ssss
1703.jpg,ssss
1704.jpg,ssss
1705.jpg,ssss
1706.jpg,ssss
1707.jpg,ssss
1708.jpg,ssss
1709.jpg,ssss
1710.jpg,ssss
1711.jpg,ssss
1712.jpg,ssss
1713.jpg,ssss
1714.jpg,ssss
1715.jpg,ssss
1716.jpg,ssss
1717.jpg,ssss
1718.jpg,ssss
1719.jpg,ssss
1720.jpg,ssss
1721.jpg,ssss
1722.jpg,ssss
1723.jpg,ssss
1724.jpg,ssss
1725.jpg,ssss
1726.jpg,ssss
1727.jpg,ssss
1728.jpg,ssss
1729.jpg,ssss
1730.jpg,ssss
1731.jpg,ssss
1732.jpg,ssss
1733.jpg,ssss
1734.jpg,ssss
1735.jpg,ssss
1736.jpg,ssss
1737.jpg,ssss
1738.jpg,ssss
1739.jpg,ssss
1740.jpg,ssss
1741.jpg,ssss
1742.jpg,ssss
1743.jpg,ssss
1744.jpg,ssss
1745.jpg,ssss
1746.jpg,ssss
1747.jpg,ssss
1748.jpg,ssss
1749.jpg,ssss
1750.jpg,ssss
1751.jpg,ssss
1752.jpg,ssss
1753.jpg,ssss
1754.jpg,ssss
1755.jpg,ssss
1756.jpg,ssss
1757.jpg,ssss
1758.jpg,ssss
1759.jpg,ssss
1760.jpg,ssss
1761.jpg,ssss
1762.jpg,ssss
1763.jpg,ssss
1764.jpg,ssss
1765.jpg,ssss
1766.jpg,ssss
1767.jpg,ssss
1768.jpg,ssss
1769.jpg,ssss
1770.jpg,ssss
1771.jpg,ssss
1772.jpg,ssss
1773.jpg,ssss
1774.jpg,ssss
1775.jpg,ssss
1776.jpg,ssss
1777.jpg,ssss
1778.jpg,ssss
1779.jpg,ssss
1780.jpg,ssss
1781.jpg,ssss
1782.jpg,ssss
1783.jpg,ssss
1784.jpg,ssss
1785.jpg,ssss
1786.jpg,ssss
1787.jpg,ssss
1788.jpg,ssss
1789.jpg,ssss
1790.jpg,ssss
1791.jpg,ssss
1792.jpg,ssss
1793.jpg,ssss
1794.jpg,ssss
1795.jpg,ssss
1796.jpg,ssss
1797.jpg,ssss
1798.jpg,ssss
1799.jpg,ssss
1800.jpg,ssss
1801.jpg,ssss
1802.jpg,ssss
1803.jpg,ssss
1804.jpg,ssss
1805.jpg,ssss
1806.jpg,ssss
1807.jpg,ssss
1808.jpg,ssss
1809.jpg,ssss
1810.jpg,ssss
1811.jpg,ssss
1812.jpg,ssss
1813.jpg,ssss
1814.jpg,ssss
1815.jpg,ssss
1816.jpg,ssss
1817.jpg,ssss
1818.jpg,ssss
1819.jpg,ssss
1820.jpg,ssss
1821.jpg,ssss
1822.jpg,ssss
1823.jpg,ssss
1824.jpg,ssss
1825.jpg,ssss
1826.jpg,ssss
1827.jpg,ssss
1828.jpg,ssss
1829.jpg,ssss
1830.jpg,ssss
1831.jpg,ssss
1832.jpg,ssss
1833.jpg,ssss
1834.jpg,ssss
1835.jpg,ssss
1836.jpg,ssss
1837.jpg,ssss
1838.jpg,ssss
1839.jpg,ssss
1840.jpg,ssss
1841.jpg,ssss
1842.jpg,ssss
1843.jpg,ssss
1844.jpg,ssss
1845.jpg,ssss
1846.jpg,ssss
1847.jpg,ssss
1848.jpg,ssss
1849.jpg,ssss
1850.jpg,ssss
1851.jpg,ssss
1852.jpg,ssss
1853.jpg,ssss
1854.jpg,ssss
1855.jpg,ssss
1856.jpg,ssss
1857.jpg,ssss
1858.jpg,ssss
1859.jpg,ssss
1860.jpg,ssss
1861.jpg,ssss
1862.jpg,ssss
1863.jpg,ssss
1864.jpg,ssss
1865.jpg,ssss
1866.jpg,ssss
1867.jpg,ssss
1868.jpg,ssss
1869.jpg,ssss
1870.jpg,ssss
1871.jpg,ssss
1872.jpg,ssss
1873.jpg,ssss
1874.jpg,ssss
1875.jpg,ssss
1876.jpg,ssss
1877.jpg,ssss
1878.jpg,ssss
1879.jpg,ssss
1880.jpg,ssss
1881.jpg,ssss
1882.jpg,ssss
1883.jpg,ssss
1884.jpg,ssss
1885.jpg,ssss
1886.jpg,ssss
1887.jpg,ssss
1888.jpg,ssss
1889.jpg,ssss
1890.jpg,ssss
1891.jpg,ssss
1892.jpg,ssss
1893.jpg,ssss
1894.jpg,ssss
1895.jpg,ssss
1896.jpg,ssss
1897.jpg,ssss
1898.jpg,ssss
1899.jpg,ssss
1900.jpg,ssss
1901.jpg,ssss
1902.jpg,ssss
1903.jpg,ssss
1904.jpg,ssss
1905.jpg,ssss
1906.jpg,ssss
1907.jpg,ssss
1908.jpg,ssss
1909.jpg,ssss
1910.jpg,ssss
1911.jpg,ssss
1912.jpg,ssss
1913.jpg,ssss
1914.jpg,ssss
1915.jpg,ssss
1916.jpg,ssss
1917.jpg,ssss
1918.jpg,ssss
1919.jpg,ssss
1920.jpg,ssss
1921.jpg,ssss
1922.jpg,ssss
1923.jpg,ssss
1924.jpg,ssss
1925.jpg,ssss
1926.jpg,ssss
1927.jpg,ssss
1928.jpg,ssss
1929.jpg,ssss
1930.jpg,ssss
1931.jpg,ssss
1932.jpg,ssss
1933.jpg,ssss
1934.jpg,ssss
1935.jpg,ssss
1936.jpg,ssss
1937.jpg,ssss
1938.jpg,ssss
1939.jpg,ssss
1940.jpg,ssss
1941.jpg,ssss
1942.jpg,ssss
1943.jpg,ssss
1944.jpg,ssss
1945.jpg,ssss
1946.jpg,ssss
1947.jpg,ssss
1948.jpg,ssss
1949.jpg,ssss
1950.jpg,ssss
1951.jpg,ssss
1952.jpg,ssss
1953.jpg,ssss
1954.jpg,ssss
1955.jpg,ssss
1956.jpg,ssss
1957.jpg,ssss
1958.jpg,ssss
1959.jpg,ssss
1960.jpg,ssss
1961.jpg,ssss
1962.jpg,ssss
1963.jpg,ssss
1964.jpg,ssss
1965.jpg,ssss
1966.jpg,ssss
1967.jpg,ssss
1968.jpg,ssss
1969.jpg,ssss
1970.jpg,ssss
1971.jpg,ssss
1972.jpg,ssss
1973.jpg,ssss
1974.jpg,ssss
1975.jpg,ssss
1976.jpg,ssss
1977.jpg,ssss
1978.jpg,ssss
1979.jpg,ssss
1980.jpg,ssss
1981.jpg,ssss
1982.jpg,ssss
1983.jpg,ssss
1984.jpg,ssss
1985.jpg,ssss
1986.jpg,ssss
1987.jpg,ssss
1988.jpg,ssss
1989.jpg,ssss
1990.jpg,ssss
1991.jpg,ssss
1992.jpg,ssss
1993.jpg,ssss
1994.jpg,ssss
1995.jpg,ssss
1996.jpg,ssss
1997.jpg,ssss
1998.jpg,ssss
1999.jpg,ssss
2000.jpg,ssss
2001.jpg,ssss
2002.jpg,ssss
2003.jpg,ssss
2004.jpg,ssss
2005.jpg,ssss
2006.jpg,ssss
2007.jpg,ssss
2008.jpg,ssss
2009.jpg,ssss
2010.jpg,ssss
2011.jpg,ssss
2012.jpg,ssss
2013.jpg,ssss
2014.jpg,ssss
2015.jpg,ssss
2016.jpg,ssss
2017.jpg,ssss
2018.jpg,ssss
2019.jpg,ssss
2020.jpg,ssss
2021.jpg,ssss
2022.jpg,ssss
2023.jpg,ssss
2024.jpg,ssss
2025.jpg,ssss
2026.jpg,ssss
2027.jpg,ssss
2028.jpg,ssss
2029.jpg,ssss
2030.jpg,ssss
2031.jpg,ssss
2032.jpg,ssss
2033.jpg,ssss
2034.jpg,ssss
2035.jpg,ssss
2036.jpg,ssss
2037.jpg,ssss
2038.jpg,ssss
2039.jpg,ssss
2040.jpg,ssss
2041.jpg,ssss
2042.jpg,ssss
2043.jpg,ssss
2044.jpg,ssss
2045.jpg,ssss
2046.jpg,ssss
2047.jpg,ssss
2048.jpg,ssss
2049.jpg,ssss
2050.jpg,ssss
2051.jpg,ssss
2052.jpg,ssss
2053.jpg,ssss
2054.jpg,ssss
2055.jpg,ssss
2056.jpg,ssss
2057.jpg,ssss
2058.jpg,ssss
2059.jpg,ssss
2060.jpg,ssss
2061.jpg,ssss
2062.jpg,ssss
2063.jpg,ssss
2064.jpg,ssss
2065.jpg,ssss
2066.jpg,ssss
2067.jpg,ssss
2068.jpg,ssss
2069.jpg,ssss
2070.jpg,ssss
2071.jpg,ssss
2072.jpg,ssss
2073.jpg,ssss
2074.jpg,ssss
2075.jpg,ssss
2076.jpg,ssss
2077.jpg,ssss
2078.jpg,ssss
2079.jpg,ssss
2080.jpg,ssss
2081.jpg,ssss
2082.jpg,ssss
2083.jpg,ssss
2084.jpg,ssss
2085.jpg,ssss
2086.jpg,ssss
2087.jpg,ssss
2088.jpg,ssss
2089.jpg,ssss
2090.jpg,ssss
2091.jpg,ssss
2092.jpg,ssss
2093.jpg,ssss
2094.jpg,ssss
2095.jpg,ssss
2096.jpg,ssss
2097.jpg,ssss
2098.jpg,ssss
2099.jpg,ssss
2100.jpg,ssss
2101.jpg,ssss
2102.jpg,ssss
2103.jpg,ssss
2104.jpg,ssss
2105.jpg,ssss
2106.jpg,ssss
2107.jpg,ssss
2108.jpg,ssss
2109.jpg,ssss
2110.jpg,ssss
2111.jpg,ssss
2112.jpg,ssss
2113.jpg,ssss
2114.jpg,ssss
2115.jpg,ssss
2116.jpg,ssss
2117.jpg,ssss
2118.jpg,ssss
2119.jpg,ssss
2120.jpg,ssss
2121.jpg,ssss
2122.jpg,ssss
2123.jpg,ssss
2124.jpg,ssss
2125.jpg,ssss
2126.jpg,ssss
2127.jpg,ssss
2128.jpg,ssss
2129.jpg,ssss
2130.jpg,ssss
2131.jpg,ssss
2132.jpg,ssss
2133.jpg,ssss
2134.jpg,ssss
2135.jpg,ssss
2136.jpg,ssss
2137.jpg,ssss
2138.jpg,ssss
2139.jpg,ssss
2140.jpg,ssss
2141.jpg,ssss
2142.jpg,ssss
2143.jpg,ssss
2144.jpg,ssss
2145.jpg,ssss
2146.jpg,ssss
2147.jpg,ssss
2148.jpg,ssss
2149.jpg,ssss
2150.jpg,ssss
2151.jpg,ssss
2152.jpg,ssss
2153.jpg,ssss
2154.jpg,ssss
2155.jpg,ssss
2156.jpg,ssss
2157.jpg,ssss
2158.jpg,ssss
2159.jpg,ssss
2160.jpg,ssss
2161.jpg,ssss
2162.jpg,ssss
2163.jpg,ssss
2164.jpg,ssss
2165.jpg,ssss
2166.jpg,ssss
2167.jpg,ssss
2168.jpg,ssss
2169.jpg,ssss
2170.jpg,ssss
2171.jpg,ssss
2172.jpg,ssss
2173.jpg,ssss
2174.jpg,ssss
2175.jpg,ssss
2176.jpg,ssss
2177.jpg,ssss
2178.jpg,ssss
2179.jpg,ssss
2180.jpg,ssss
2181.jpg,ssss
2182.jpg,ssss
2183.jpg,ssss
2184.jpg,ssss
2185.jpg,ssss
2186.jpg,ssss
2187.jpg,ssss
2188.jpg,ssss
2189.jpg,ssss
2190.jpg,ssss
2191.jpg,ssss
2192.jpg,ssss
2193.jpg,ssss
2194.jpg,ssss
2195.jpg,ssss
2196.jpg,ssss
2197.jpg,ssss
2198.jpg,ssss
2199.jpg,ssss
2200.jpg,ssss
2201.jpg,ssss
2202.jpg,ssss
2203.jpg,ssss
2204.jpg,ssss
2205.jpg,ssss
2206.jpg,ssss
2207.jpg,ssss
2208.jpg,ssss
2209.jpg,ssss
2210.jpg,ssss
2211.jpg,ssss
2212.jpg,ssss
2213.jpg,ssss
2214.jpg,ssss
2215.jpg,ssss
2216.jpg,ssss
2217.jpg,ssss
2218.jpg,ssss
2219.jpg,ssss
2220.jpg,ssss
2221.jpg,ssss
2222.jpg,ssss
2223.jpg,ssss
2224.jpg,ssss
2225.jpg,ssss
2226.jpg,ssss
2227.jpg,ssss
2228.jpg,ssss
2229.jpg,ssss
2230.jpg,ssss
2231.jpg,ssss
2232.jpg,ssss
2233.jpg,ssss
2234.jpg,ssss
2235.jpg,ssss
2236.jpg,ssss
2237.jpg,ssss
2238.jpg,ssss
2239.jpg,ssss
2240.jpg,ssss
2241.jpg,ssss
2242.jpg,ssss
2243.jpg,ssss
2244.jpg,ssss
2245.jpg,ssss
2246.jpg,ssss
2247.jpg,ssss
2248.jpg,ssss
2249.jpg,ssss
2250.jpg,ssss
2251.jpg,ssss
2252.jpg,ssss
2253.jpg,ssss
2254.jpg,ssss
2255.jpg,ssss
2256.jpg,ssss
2257.jpg,ssss
2258.jpg,ssss
2259.jpg,ssss
2260.jpg,ssss
2261.jpg,ssss
2262.jpg,ssss
2263.jpg,ssss
2264.jpg,ssss
2265.jpg,ssss
2266.jpg,ssss
2267.jpg,ssss
2268.jpg,ssss
2269.jpg,ssss
2270.jpg,ssss
2271.jpg,ssss
2272.jpg,ssss
2273.jpg,ssss
2274.jpg,ssss
2275.jpg,ssss
2276.jpg,ssss
2277.jpg,ssss
2278.jpg,ssss
2279.jpg,ssss
2280.jpg,ssss
2281.jpg,ssss
2282.jpg,ssss
2283.jpg,ssss
2284.jpg,ssss
2285.jpg,ssss
2286.jpg,ssss
2287.jpg,ssss
2288.jpg,ssss
2289.jpg,ssss
2290.jpg,ssss
2291.jpg,ssss
2292.jpg,ssss
2293.jpg,ssss
2294.jpg,ssss
2295.jpg,ssss
2296.jpg,ssss
2297.jpg,ssss
2298.jpg,ssss
2299.jpg,ssss
2300.jpg,ssss
2301.jpg,ssss
2302.jpg,ssss
2303.jpg,ssss
2304.jpg,ssss
2305.jpg,ssss
2306.jpg,ssss
2307.jpg,ssss
2308.jpg,ssss
2309.jpg,ssss
2310.jpg,ssss
2311.jpg,ssss
2312.jpg,ssss
2313.jpg,ssss
2314.jpg,ssss
2315.jpg,ssss
2316.jpg,ssss
2317.jpg,ssss
2318.jpg,ssss
2319.jpg,ssss
2320.jpg,ssss
2321.jpg,ssss
2322.jpg,ssss
2323.jpg,ssss
2324.jpg,ssss
2325.jpg,ssss
2326.jpg,ssss
2327.jpg,ssss
2328.jpg,ssss
2329.jpg,ssss
2330.jpg,ssss
2331.jpg,ssss
2332.jpg,ssss
2333.jpg,ssss
2334.jpg,ssss
2335.jpg,ssss
2336.jpg,ssss
2337.jpg,ssss
2338.jpg,ssss
2339.jpg,ssss
2340.jpg,ssss
2341.jpg,ssss
2342.jpg,ssss
2343.jpg,ssss
2344.jpg,ssss
2345.jpg,ssss
2346.jpg,ssss
2347.jpg,ssss
2348.jpg,ssss
2349.jpg,ssss
2350.jpg,ssss
2351.jpg,ssss
2352.jpg,ssss
2353.jpg,ssss
2354.jpg,ssss
2355.jpg,ssss
2356.jpg,ssss
2357.jpg,ssss
2358.jpg,ssss
2359.jpg,ssss
2360.jpg,ssss
2361.jpg,ssss
2362.jpg,ssss
2363.jpg,ssss
2364.jpg,ssss
2365.jpg,ssss
2366.jpg,ssss
2367.jpg,ssss
2368.jpg,ssss
2369.jpg,ssss
2370.jpg,ssss
2371.jpg,ssss
2372.jpg,ssss
2373.jpg,ssss
2374.jpg,ssss
2375.jpg,ssss
2376.jpg,ssss
2377.jpg,ssss
2378.jpg,ssss
2379.jpg,ssss
2380.jpg,ssss
2381.jpg,ssss
2382.jpg,ssss
2383.jpg,ssss
2384.jpg,ssss
2385.jpg,ssss
2386.jpg,ssss
2387.jpg,ssss
2388.jpg,ssss
2389.jpg,ssss
2390.jpg,ssss
2391.jpg,ssss
2392.jpg,ssss
2393.jpg,ssss
2394.jpg,ssss
2395.jpg,ssss
2396.jpg,ssss
2397.jpg,ssss
2398.jpg,ssss
2399.jpg,ssss
2400.jpg,ssss
2401.jpg,ssss
2402.jpg,ssss
2403.jpg,ssss
2404.jpg,ssss
2405.jpg,ssss
2406.jpg,ssss
2407.jpg,ssss
2408.jpg,ssss
2409.jpg,ssss
2410.jpg,ssss
2411.jpg,ssss
2412.jpg,ssss
2413.jpg,ssss
2414.jpg,ssss
2415.jpg,ssss
2416.jpg,ssss
2417.jpg,ssss
2418.jpg,ssss
2419.jpg,ssss
2420.jpg,ssss
2421.jpg,ssss
2422.jpg,ssss
2423.jpg,ssss
2424.jpg,ssss
2425.jpg,ssss
2426.jpg,ssss
2427.jpg,ssss
2428.jpg,ssss
2429.jpg,ssss
2430.jpg,ssss
2431.jpg,ssss
2432.jpg,ssss
2433.jpg,ssss
2434.jpg,ssss
2435.jpg,ssss
2436.jpg,ssss
2437.jpg,ssss
2438.jpg,ssss
2439.jpg,ssss
2440.jpg,ssss
2441.jpg,ssss
2442.jpg,ssss
2443.jpg,ssss
2444.jpg,ssss
2445.jpg,ssss
2446.jpg,ssss
2447.jpg,ssss
2448.jpg,ssss
2449.jpg,ssss
2450.jpg,ssss
2451.jpg,ssss
2452.jpg,ssss
2453.jpg,ssss
2454.jpg,ssss
2455.jpg,ssss
2456.jpg,ssss
2457.jpg,ssss
2458.jpg,ssss
2459.jpg,ssss
2460.jpg,ssss
2461.jpg,ssss
2462.jpg,ssss
2463.jpg,ssss
2464.jpg,ssss
2465.jpg,ssss
2466.jpg,ssss
2467.jpg,ssss
2468.jpg,ssss
2469.jpg,ssss
2470.jpg,ssss
2471.jpg,ssss
2472.jpg,ssss
2473.jpg,ssss
2474.jpg,ssss
2475.jpg,ssss
2476.jpg,ssss
2477.jpg,ssss
2478.jpg,ssss
2479.jpg,ssss
2480.jpg,ssss
2481.jpg,ssss
2482.jpg,ssss
2483.jpg,ssss
2484.jpg,ssss
2485.jpg,ssss
2486.jpg,ssss
2487.jpg,ssss
2488.jpg,ssss
2489.jpg,ssss
2490.jpg,ssss
2491.jpg,ssss
2492.jpg,ssss
2493.jpg,ssss
2494.jpg,ssss
2495.jpg,ssss
2496.jpg,ssss
2497.jpg,ssss
2498.jpg,ssss
2499.jpg,ssss
2500.jpg,ssss
2501.jpg,ssss
2502.jpg,ssss
2503.jpg,ssss
2504.jpg,ssss
2505.jpg,ssss
2506.jpg,ssss
2507.jpg,ssss
2508.jpg,ssss
2509.jpg,ssss
2510.jpg,ssss
2511.jpg,ssss
2512.jpg,ssss
2513.jpg,ssss
2514.jpg,ssss
2515.jpg,ssss
2516.jpg,ssss
2517.jpg,ssss
2518.jpg,ssss
2519.jpg,ssss
2520.jpg,ssss
2521.jpg,ssss
2522.jpg,ssss
2523.jpg,ssss
2524.jpg,ssss
2525.jpg,ssss
2526.jpg,ssss
2527.jpg,ssss
2528.jpg,ssss
2529.jpg,ssss
2530.jpg,ssss
2531.jpg,ssss
2532.jpg,ssss
2533.jpg,ssss
2534.jpg,ssss
2535.jpg,ssss
2536.jpg,ssss
2537.jpg,ssss
2538.jpg,ssss
2539.jpg,ssss
2540.jpg,ssss
2541.jpg,ssss
2542.jpg,ssss
2543.jpg,ssss
2544.jpg,ssss
2545.jpg,ssss
2546.jpg,ssss
2547.jpg,ssss
2548.jpg,ssss
2549.jpg,ssss
2550.jpg,ssss
2551.jpg,ssss
2552.jpg,ssss
2553.jpg,ssss
2554.jpg,ssss
2555.jpg,ssss
2556.jpg,ssss
2557.jpg,ssss
2558.jpg,ssss
2559.jpg,ssss
2560.jpg,ssss
2561.jpg,ssss
2562.jpg,ssss
2563.jpg,ssss
2564.jpg,ssss
2565.jpg,ssss
2566.jpg,ssss
2567.jpg,ssss
2568.jpg,ssss
2569.jpg,ssss
2570.jpg,ssss
2571.jpg,ssss
2572.jpg,ssss
2573.jpg,ssss
2574.jpg,ssss
2575.jpg,ssss
2576.jpg,ssss
2577.jpg,ssss
2578.jpg,ssss
2579.jpg,ssss
2580.jpg,ssss
2581.jpg,ssss
2582.jpg,ssss
2583.jpg,ssss
2584.jpg,ssss
2585.jpg,ssss
2586.jpg,ssss
2587.jpg,ssss
2588.jpg,ssss
2589.jpg,ssss
2590.jpg,ssss
2591.jpg,ssss
2592.jpg,ssss
2593.jpg,ssss
2594.jpg,ssss
2595.jpg,ssss
2596.jpg,ssss
2597.jpg,ssss
2598.jpg,ssss
2599.jpg,ssss
2600.jpg,ssss
2601.jpg,ssss
2602.jpg,ssss
2603.jpg,ssss
2604.jpg,ssss
2605.jpg,ssss
2606.jpg,ssss
2607.jpg,ssss
2608.jpg,ssss
2609.jpg,ssss
2610.jpg,ssss
2611.jpg,ssss
2612.jpg,ssss
2613.jpg,ssss
2614.jpg,ssss
2615.jpg,ssss
2616.jpg,ssss
2617.jpg,ssss
2618.jpg,ssss
2619.jpg,ssss
2620.jpg,ssss
2621.jpg,ssss
2622.jpg,ssss
2623.jpg,ssss
2624.jpg,ssss
2625.jpg,ssss
2626.jpg,ssss
2627.jpg,ssss
2628.jpg,ssss
2629.jpg,ssss
2630.jpg,ssss
2631.jpg,ssss
2632.jpg,ssss
2633.jpg,ssss
2634.jpg,ssss
2635.jpg,ssss
2636.jpg,ssss
2637.jpg,ssss
2638.jpg,ssss
2639.jpg,ssss
2640.jpg,ssss
2641.jpg,ssss
2642.jpg,ssss
2643.jpg,ssss
2644.jpg,ssss
2645.jpg,ssss
2646.jpg,ssss
2647.jpg,ssss
2648.jpg,ssss
2649.jpg,ssss
2650.jpg,ssss
2651.jpg,ssss
2652.jpg,ssss
2653.jpg,ssss
2654.jpg,ssss
2655.jpg,ssss
2656.jpg,ssss
2657.jpg,ssss
2658.jpg,ssss
2659.jpg,ssss
2660.jpg,ssss
2661.jpg,ssss
2662.jpg,ssss
2663.jpg,ssss
2664.jpg,ssss
2665.jpg,ssss
2666.jpg,ssss
2667.jpg,ssss
2668.jpg,ssss
2669.jpg,ssss
2670.jpg,ssss
2671.jpg,ssss
2672.jpg,ssss
2673.jpg,ssss
2674.jpg,ssss
2675.jpg,ssss
2676.jpg,ssss
2677.jpg,ssss
2678.jpg,ssss
2679.jpg,ssss
2680.jpg,ssss
2681.jpg,ssss
2682.jpg,ssss
2683.jpg,ssss
2684.jpg,ssss
2685.jpg,ssss
2686.jpg,ssss
2687.jpg,ssss
2688.jpg,ssss
2689.jpg,ssss
2690.jpg,ssss
2691.jpg,ssss
2692.jpg,ssss
2693.jpg,ssss
2694.jpg,ssss
2695.jpg,ssss
2696.jpg,ssss
2697.jpg,ssss
2698.jpg,ssss
2699.jpg,ssss
2700.jpg,ssss
2701.jpg,ssss
2702.jpg,ssss
2703.jpg,ssss
2704.jpg,ssss
2705.jpg,ssss
2706.jpg,ssss
2707.jpg,ssss
2708.jpg,ssss
2709.jpg,ssss
2710.jpg,ssss
2711.jpg,ssss
2712.jpg,ssss
2713.jpg,ssss
2714.jpg,ssss
2715.jpg,ssss
2716.jpg,ssss
2717.jpg,ssss
2718.jpg,ssss
2719.jpg,ssss
2720.jpg,ssss
2721.jpg,ssss
2722.jpg,ssss
2723.jpg,ssss
2724.jpg,ssss
2725.jpg,ssss
2726.jpg,ssss
2727.jpg,ssss
2728.jpg,ssss
2729.jpg,ssss
2730.jpg,ssss
2731.jpg,ssss
2732.jpg,ssss
2733.jpg,ssss
2734.jpg,ssss
2735.jpg,ssss
2736.jpg,ssss
2737.jpg,ssss
2738.jpg,ssss
2739.jpg,ssss
2740.jpg,ssss
2741.jpg,ssss
2742.jpg,ssss
2743.jpg,ssss
2744.jpg,ssss
2745.jpg,ssss
2746.jpg,ssss
2747.jpg,ssss
2748.jpg,ssss
2749.jpg,ssss
2750.jpg,ssss
2751.jpg,ssss
2752.jpg,ssss
2753.jpg,ssss
2754.jpg,ssss
2755.jpg,ssss
2756.jpg,ssss
2757.jpg,ssss
2758.jpg,ssss
2759.jpg,ssss
2760.jpg,ssss
2761.jpg,ssss
2762.jpg,ssss
2763.jpg,ssss
2764.jpg,ssss
2765.jpg,ssss
2766.jpg,ssss
2767.jpg,ssss
2768.jpg,ssss
2769.jpg,ssss
2770.jpg,ssss
2771.jpg,ssss
2772.jpg,ssss
2773.jpg,ssss
2774.jpg,ssss
2775.jpg,ssss
2776.jpg,ssss
2777.jpg,ssss
2778.jpg,ssss
2779.jpg,ssss
2780.jpg,ssss
2781.jpg,ssss
2782.jpg,ssss
2783.jpg,ssss
2784.jpg,ssss
2785.jpg,ssss
2786.jpg,ssss
2787.jpg,ssss
2788.jpg,ssss
2789.jpg,ssss
2790.jpg,ssss
2791.jpg,ssss
2792.jpg,ssss
2793.jpg,ssss
2794.jpg,ssss
2795.jpg,ssss
2796.jpg,ssss
2797.jpg,ssss
2798.jpg,ssss
2799.jpg,ssss
2800.jpg,ssss
2801.jpg,ssss
2802.jpg,ssss
2803.jpg,ssss
2804.jpg,ssss
2805.jpg,ssss
2806.jpg,ssss
2807.jpg,ssss
2808.jpg,ssss
2809.jpg,ssss
2810.jpg,ssss
2811.jpg,ssss
2812.jpg,ssss
2813.jpg,ssss
2814.jpg,ssss
2815.jpg,ssss
2816.jpg,ssss
2817.jpg,ssss
2818.jpg,ssss
2819.jpg,ssss
2820.jpg,ssss
2821.jpg,ssss
2822.jpg,ssss
2823.jpg,ssss
2824.jpg,ssss
2825.jpg,ssss
2826.jpg,ssss
2827.jpg,ssss
2828.jpg,ssss
2829.jpg,ssss
2830.jpg,ssss
2831.jpg,ssss
2832.jpg,ssss
2833.jpg,ssss
2834.jpg,ssss
2835.jpg,ssss
2836.jpg,ssss
2837.jpg,ssss
2838.jpg,ssss
2839.jpg,ssss
2840.jpg,ssss
2841.jpg,ssss
2842.jpg,ssss
2843.jpg,ssss
2844.jpg,ssss
2845.jpg,ssss
2846.jpg,ssss
2847.jpg,ssss
2848.jpg,ssss
2849.jpg,ssss
2850.jpg,ssss
2851.jpg,ssss
2852.jpg,ssss
2853.jpg,ssss
2854.jpg,ssss
2855.jpg,ssss
2856.jpg,ssss
2857.jpg,ssss
2858.jpg,ssss
2859.jpg,ssss
2860.jpg,ssss
2861.jpg,ssss
2862.jpg,ssss
2863.jpg,ssss
2864.jpg,ssss
2865.jpg,ssss
2866.jpg,ssss
2867.jpg,ssss
2868.jpg,ssss
2869.jpg,ssss
2870.jpg,ssss
2871.jpg,ssss
2872.jpg,ssss
2873.jpg,ssss
2874.jpg,ssss
2875.jpg,ssss
2876.jpg,ssss
2877.jpg,ssss
2878.jpg,ssss
2879.jpg,ssss
2880.jpg,ssss
2881.jpg,ssss
2882.jpg,ssss
2883.jpg,ssss
2884.jpg,ssss
2885.jpg,ssss
2886.jpg,ssss
2887.jpg,ssss
2888.jpg,ssss
2889.jpg,ssss
2890.jpg,ssss
2891.jpg,ssss
2892.jpg,ssss
2893.jpg,ssss
2894.jpg,ssss
2895.jpg,ssss
2896.jpg,ssss
2897.jpg,ssss
2898.jpg,ssss
2899.jpg,ssss
2900.jpg,ssss
2901.jpg,ssss
2902.jpg,ssss
2903.jpg,ssss
2904.jpg,ssss
2905.jpg,ssss
2906.jpg,ssss
2907.jpg,ssss
2908.jpg,ssss
2909.jpg,ssss
2910.jpg,ssss
2911.jpg,ssss
2912.jpg,ssss
2913.jpg,ssss
2914.jpg,ssss
2915.jpg,ssss
2916.jpg,ssss
2917.jpg,ssss
2918.jpg,ssss
2919.jpg,ssss
2920.jpg,ssss
2921.jpg,ssss
2922.jpg,ssss
2923.jpg,ssss
2924.jpg,ssss
2925.jpg,ssss
2926.jpg,ssss
2927.jpg,ssss
2928.jpg,ssss
2929.jpg,ssss
2930.jpg,ssss
2931.jpg,ssss
2932.jpg,ssss
2933.jpg,ssss
2934.jpg,ssss
2935.jpg,ssss
2936.jpg,ssss
2937.jpg,ssss
2938.jpg,ssss
2939.jpg,ssss
2940.jpg,ssss
2941.jpg,ssss
2942.jpg,ssss
2943.jpg,ssss
2944.jpg,ssss
2945.jpg,ssss
2946.jpg,ssss
2947.jpg,ssss
2948.jpg,ssss
2949.jpg,ssss
2950.jpg,ssss
2951.jpg,ssss
2952.jpg,ssss
2953.jpg,ssss
2954.jpg,ssss
2955.jpg,ssss
2956.jpg,ssss
2957.jpg,ssss
2958.jpg,ssss
2959.jpg,ssss
2960.jpg,ssss
2961.jpg,ssss
2962.jpg,ssss
2963.jpg,ssss
2964.jpg,ssss
2965.jpg,ssss
2966.jpg,ssss
2967.jpg,ssss
2968.jpg,ssss
2969.jpg,ssss
2970.jpg,ssss
2971.jpg,ssss
2972.jpg,ssss
2973.jpg,ssss
2974.jpg,ssss
2975.jpg,ssss
2976.jpg,ssss
2977.jpg,ssss
2978.jpg,ssss
2979.jpg,ssss
2980.jpg,ssss
2981.jpg,ssss
2982.jpg,ssss
2983.jpg,ssss
2984.jpg,ssss
2985.jpg,ssss
2986.jpg,ssss
2987.jpg,ssss
2988.jpg,ssss
2989.jpg,ssss
2990.jpg,ssss
2991.jpg,ssss
2992.jpg,ssss
2993.jpg,ssss
2994.jpg,ssss
2995.jpg,ssss
2996.jpg,ssss
2997.jpg,ssss
2998.jpg,ssss
2999.jpg,ssss
3000.jpg,ssss
3001.jpg,ssss
3002.jpg,ssss
3003.jpg,ssss
3004.jpg,ssss
3005.jpg,ssss
3006.jpg,ssss
3007.jpg,ssss
3008.jpg,ssss
3009.jpg,ssss
3010.jpg,ssss
3011.jpg,ssss
3012.jpg,ssss
3013.jpg,ssss
3014.jpg,ssss
3015.jpg,ssss
3016.jpg,ssss
3017.jpg,ssss
3018.jpg,ssss
3019.jpg,ssss
3020.jpg,ssss
3021.jpg,ssss
3022.jpg,ssss
3023.jpg,ssss
3024.jpg,ssss
3025.jpg,ssss
3026.jpg,ssss
3027.jpg,ssss
3028.jpg,ssss
3029.jpg,ssss
3030.jpg,ssss
3031.jpg,ssss
3032.jpg,ssss
3033.jpg,ssss
3034.jpg,ssss
3035.jpg,ssss
3036.jpg,ssss
3037.jpg,ssss
3038.jpg,ssss
3039.jpg,ssss
3040.jpg,ssss
3041.jpg,ssss
3042.jpg,ssss
3043.jpg,ssss
3044.jpg,ssss
3045.jpg,ssss
3046.jpg,ssss
3047.jpg,ssss
3048.jpg,ssss
3049.jpg,ssss
3050.jpg,ssss
3051.jpg,ssss
3052.jpg,ssss
3053.jpg,ssss
3054.jpg,ssss
3055.jpg,ssss
3056.jpg,ssss
3057.jpg,ssss
3058.jpg,ssss
3059.jpg,ssss
3060.jpg,ssss
3061.jpg,ssss
3062.jpg,ssss
3063.jpg,ssss
3064.jpg,ssss
3065.jpg,ssss
3066.jpg,ssss
3067.jpg,ssss
3068.jpg,ssss
3069.jpg,ssss
3070.jpg,ssss
3071.jpg,ssss
3072.jpg,ssss
3073.jpg,ssss
3074.jpg,ssss
3075.jpg,ssss
3076.jpg,ssss
3077.jpg,ssss
3078.jpg,ssss
3079.jpg,ssss
3080.jpg,ssss
3081.jpg,ssss
3082.jpg,ssss
3083.jpg,ssss
3084.jpg,ssss
3085.jpg,ssss
3086.jpg,ssss
3087.jpg,ssss
3088.jpg,ssss
3089.jpg,ssss
3090.jpg,ssss
3091.jpg,ssss
3092.jpg,ssss
3093.jpg,ssss
3094.jpg,ssss
3095.jpg,ssss
3096.jpg,ssss
3097.jpg,ssss
3098.jpg,ssss
3099.jpg,ssss
3100.jpg,ssss
3101.jpg,ssss
3102.jpg,ssss
3103.jpg,ssss
3104.jpg,ssss
3105.jpg,ssss
3106.jpg,ssss
3107.jpg,ssss
3108.jpg,ssss
3109.jpg,ssss
3110.jpg,ssss
3111.jpg,ssss
3112.jpg,ssss
3113.jpg,ssss
3114.jpg,ssss
3115.jpg,ssss
3116.jpg,ssss
3117.jpg,ssss
3118.jpg,ssss
3119.jpg,ssss
3120.jpg,ssss
3121.jpg,ssss
3122.jpg,ssss
3123.jpg,ssss
3124.jpg,ssss
3125.jpg,ssss
3126.jpg,ssss
3127.jpg,ssss
3128.jpg,ssss
3129.jpg,ssss
3130.jpg,ssss
3131.jpg,ssss
3132.jpg,ssss
3133.jpg,ssss
3134.jpg,ssss
3135.jpg,ssss
3136.jpg,ssss
3137.jpg,ssss
3138.jpg,ssss
3139.jpg,ssss
3140.jpg,ssss
3141.jpg,ssss
3142.jpg,ssss
3143.jpg,ssss
3144.jpg,ssss
3145.jpg,ssss
3146.jpg,ssss
3147.jpg,ssss
3148.jpg,ssss
3149.jpg,ssss
3150.jpg,ssss
3151.jpg,ssss
3152.jpg,ssss
3153.jpg,ssss
3154.jpg,ssss
3155.jpg,ssss
3156.jpg,ssss
3157.jpg,ssss
3158.jpg,ssss
3159.jpg,ssss
3160.jpg,ssss
3161.jpg,ssss
3162.jpg,ssss
3163.jpg,ssss
3164.jpg,ssss
3165.jpg,ssss
3166.jpg,ssss
3167.jpg,ssss
3168.jpg,ssss
3169.jpg,ssss
3170.jpg,ssss
3171.jpg,ssss
3172.jpg,ssss
3173.jpg,ssss
3174.jpg,ssss
3175.jpg,ssss
3176.jpg,ssss
3177.jpg,ssss
3178.jpg,ssss
3179.jpg,ssss
3180.jpg,ssss
3181.jpg,ssss
3182.jpg,ssss
3183.jpg,ssss
3184.jpg,ssss
3185.jpg,ssss
3186.jpg,ssss
3187.jpg,ssss
3188.jpg,ssss
3189.jpg,ssss
3190.jpg,ssss
3191.jpg,ssss
3192.jpg,ssss
3193.jpg,ssss
3194.jpg,ssss
3195.jpg,ssss
3196.jpg,ssss
3197.jpg,ssss
3198.jpg,ssss
3199.jpg,ssss
3200.jpg,ssss
3201.jpg,ssss
3202.jpg,ssss
3203.jpg,ssss
3204.jpg,ssss
3205.jpg,ssss
3206.jpg,ssss
3207.jpg,ssss
3208.jpg,ssss
3209.jpg,ssss
3210.jpg,ssss
3211.jpg,ssss
3212.jpg,ssss
3213.jpg,ssss
3214.jpg,ssss
3215.jpg,ssss
3216.jpg,ssss
3217.jpg,ssss
3218.jpg,ssss
3219.jpg,ssss
3220.jpg,ssss
3221.jpg,ssss
3222.jpg,ssss
3223.jpg,ssss
3224.jpg,ssss
3225.jpg,ssss
3226.jpg,ssss
3227.jpg,ssss
3228.jpg,ssss
3229.jpg,ssss
3230.jpg,ssss
3231.jpg,ssss
3232.jpg,ssss
3233.jpg,ssss
3234.jpg,ssss
3235.jpg,ssss
3236.jpg,ssss
3237.jpg,ssss
3238.jpg,ssss
3239.jpg,ssss
3240.jpg,ssss
3241.jpg,ssss
3242.jpg,ssss
3243.jpg,ssss
3244.jpg,ssss
3245.jpg,ssss
3246.jpg,ssss
3247.jpg,ssss
3248.jpg,ssss
3249.jpg,ssss
3250.jpg,ssss
3251.jpg,ssss
3252.jpg,ssss
3253.jpg,ssss
3254.jpg,ssss
3255.jpg,ssss
3256.jpg,ssss
3257.jpg,ssss
3258.jpg,ssss
3259.jpg,ssss
3260.jpg,ssss
3261.jpg,ssss
3262.jpg,ssss
3263.jpg,ssss
3264.jpg,ssss
3265.jpg,ssss
3266.jpg,ssss
3267.jpg,ssss
3268.jpg,ssss
3269.jpg,ssss
3270.jpg,ssss
3271.jpg,ssss
3272.jpg,ssss
3273.jpg,ssss
3274.jpg,ssss
3275.jpg,ssss
3276.jpg,ssss
3277.jpg,ssss
3278.jpg,ssss
3279.jpg,ssss
3280.jpg,ssss
3281.jpg,ssss
3282.jpg,ssss
3283.jpg,ssss
3284.jpg,ssss
3285.jpg,ssss
3286.jpg,ssss
3287.jpg,ssss
3288.jpg,ssss
3289.jpg,ssss
3290.jpg,ssss
3291.jpg,ssss
3292.jpg,ssss
3293.jpg,ssss
3294.jpg,ssss
3295.jpg,ssss
3296.jpg,ssss
3297.jpg,ssss
3298.jpg,ssss
3299.jpg,ssss
3300.jpg,ssss
3301.jpg,ssss
3302.jpg,ssss
3303.jpg,ssss
3304.jpg,ssss
3305.jpg,ssss
3306.jpg,ssss
3307.jpg,ssss
3308.jpg,ssss
3309.jpg,ssss
3310.jpg,ssss
3311.jpg,ssss
3312.jpg,ssss
3313.jpg,ssss
3314.jpg,ssss
3315.jpg,ssss
3316.jpg,ssss
3317.jpg,ssss
3318.jpg,ssss
3319.jpg,ssss
3320.jpg,ssss
3321.jpg,ssss
3322.jpg,ssss
3323.jpg,ssss
3324.jpg,ssss
3325.jpg,ssss
3326.jpg,ssss
3327.jpg,ssss
3328.jpg,ssss
3329.jpg,ssss
3330.jpg,ssss
3331.jpg,ssss
3332.jpg,ssss
3333.jpg,ssss
3334.jpg,ssss
3335.jpg,ssss
3336.jpg,ssss
3337.jpg,ssss
3338.jpg,ssss
3339.jpg,ssss
3340.jpg,ssss
3341.jpg,ssss
3342.jpg,ssss
3343.jpg,ssss
3344.jpg,ssss
3345.jpg,ssss
3346.jpg,ssss
3347.jpg,ssss
3348.jpg,ssss
3349.jpg,ssss
3350.jpg,ssss
3351.jpg,ssss
3352.jpg,ssss
3353.jpg,ssss
3354.jpg,ssss
3355.jpg,ssss
3356.jpg,ssss
3357.jpg,ssss
3358.jpg,ssss
3359.jpg,ssss
3360.jpg,ssss
3361.jpg,ssss
3362.jpg,ssss
3363.jpg,ssss
3364.jpg,ssss
3365.jpg,ssss
3366.jpg,ssss
3367.jpg,ssss
3368.jpg,ssss
3369.jpg,ssss
3370.jpg,ssss
3371.jpg,ssss
3372.jpg,ssss
3373.jpg,ssss
3374.jpg,ssss
3375.jpg,ssss
3376.jpg,ssss
3377.jpg,ssss
3378.jpg,ssss
3379.jpg,ssss
3380.jpg,ssss
3381.jpg,ssss
3382.jpg,ssss
3383.jpg,ssss
3384.jpg,ssss
3385.jpg,ssss
3386.jpg,ssss
3387.jpg,ssss
3388.jpg,ssss
3389.jpg,ssss
3390.jpg,ssss
3391.jpg,ssss
3392.jpg,ssss
3393.jpg,ssss
3394.jpg,ssss
3395.jpg,ssss
3396.jpg,ssss
3397.jpg,ssss
3398.jpg,ssss
3399.jpg,ssss
3400.jpg,ssss
3401.jpg,ssss
3402.jpg,ssss
3403.jpg,ssss
3404.jpg,ssss
3405.jpg,ssss
3406.jpg,ssss
3407.jpg,ssss
3408.jpg,ssss
3409.jpg,ssss
3410.jpg,ssss
3411.jpg,ssss
3412.jpg,ssss
3413.jpg,ssss
3414.jpg,ssss
3415.jpg,ssss
3416.jpg,ssss
3417.jpg,ssss
3418.jpg,ssss
3419.jpg,ssss
3420.jpg,ssss
3421.jpg,ssss
3422.jpg,ssss
3423.jpg,ssss
3424.jpg,ssss
3425.jpg,ssss
3426.jpg,ssss
3427.jpg,ssss
3428.jpg,ssss
3429.jpg,ssss
3430.jpg,ssss
3431.jpg,ssss
3432.jpg,ssss
3433.jpg,ssss
3434.jpg,ssss
3435.jpg,ssss
3436.jpg,ssss
3437.jpg,ssss
3438.jpg,ssss
3439.jpg,ssss
3440.jpg,ssss
3441.jpg,ssss
3442.jpg,ssss
3443.jpg,ssss
3444.jpg,ssss
3445.jpg,ssss
3446.jpg,ssss
3447.jpg,ssss
3448.jpg,ssss
3449.jpg,ssss
3450.jpg,ssss
3451.jpg,ssss
3452.jpg,ssss
3453.jpg,ssss
3454.jpg,ssss
3455.jpg,ssss
3456.jpg,ssss
3457.jpg,ssss
3458.jpg,ssss
3459.jpg,ssss
3460.jpg,ssss
3461.jpg,ssss
3462.jpg,ssss
3463.jpg,ssss
3464.jpg,ssss
3465.jpg,ssss
3466.jpg,ssss
3467.jpg,ssss
3468.jpg,ssss
3469.jpg,ssss
3470.jpg,ssss
3471.jpg,ssss
3472.jpg,ssss
3473.jpg,ssss
3474.jpg,ssss
3475.jpg,ssss
3476.jpg,ssss
3477.jpg,ssss
3478.jpg,ssss
3479.jpg,ssss
3480.jpg,ssss
3481.jpg,ssss
3482.jpg,ssss
3483.jpg,ssss
3484.jpg,ssss
3485.jpg,ssss
3486.jpg,ssss
3487.jpg,ssss
3488.jpg,ssss
3489.jpg,ssss
3490.jpg,ssss
3491.jpg,ssss
3492.jpg,ssss
3493.jpg,ssss
3494.jpg,ssss
3495.jpg,ssss
3496.jpg,ssss
3497.jpg,ssss
3498.jpg,ssss
3499.jpg,ssss
3500.jpg,ssss
3501.jpg,ssss
3502.jpg,ssss
3503.jpg,ssss
3504.jpg,ssss
3505.jpg,ssss
3506.jpg,ssss
3507.jpg,ssss
3508.jpg,ssss
3509.jpg,ssss
3510.jpg,ssss
3511.jpg,ssss
3512.jpg,ssss
3513.jpg,ssss
3514.jpg,ssss
3515.jpg,ssss
3516.jpg,ssss
3517.jpg,ssss
3518.jpg,ssss
3519.jpg,ssss
3520.jpg,ssss
3521.jpg,ssss
3522.jpg,ssss
3523.jpg,ssss
3524.jpg,ssss
3525.jpg,ssss
3526.jpg,ssss
3527.jpg,ssss
3528.jpg,ssss
3529.jpg,ssss
3530.jpg,ssss
3531.jpg,ssss
3532.jpg,ssss
3533.jpg,ssss
3534.jpg,ssss
3535.jpg,ssss
3536.jpg,ssss
3537.jpg,ssss
3538.jpg,ssss
3539.jpg,ssss
3540.jpg,ssss
3541.jpg,ssss
3542.jpg,ssss
3543.jpg,ssss
3544.jpg,ssss
3545.jpg,ssss
3546.jpg,ssss
3547.jpg,ssss
3548.jpg,ssss
3549.jpg,ssss
3550.jpg,ssss
3551.jpg,ssss
3552.jpg,ssss
3553.jpg,ssss
3554.jpg,ssss
3555.jpg,ssss
3556.jpg,ssss
3557.jpg,ssss
3558.jpg,ssss
3559.jpg,ssss
3560.jpg,ssss
3561.jpg,ssss
3562.jpg,ssss
3563.jpg,ssss
3564.jpg,ssss
3565.jpg,ssss
3566.jpg,ssss
3567.jpg,ssss
3568.jpg,ssss
3569.jpg,ssss
3570.jpg,ssss
3571.jpg,ssss
3572.jpg,ssss
3573.jpg,ssss
3574.jpg,ssss
3575.jpg,ssss
3576.jpg,ssss
3577.jpg,ssss
3578.jpg,ssss
3579.jpg,ssss
3580.jpg,ssss
3581.jpg,ssss
3582.jpg,ssss
3583.jpg,ssss
3584.jpg,ssss
3585.jpg,ssss
3586.jpg,ssss
3587.jpg,ssss
3588.jpg,ssss
3589.jpg,ssss
3590.jpg,ssss
3591.jpg,ssss
3592.jpg,ssss
3593.jpg,ssss
3594.jpg,ssss
3595.jpg,ssss
3596.jpg,ssss
3597.jpg,ssss
3598.jpg,ssss
3599.jpg,ssss
3600.jpg,ssss
3601.jpg,ssss
3602.jpg,ssss
3603.jpg,ssss
3604.jpg,ssss
3605.jpg,ssss
3606.jpg,ssss
3607.jpg,ssss
3608.jpg,ssss
3609.jpg,ssss
3610.jpg,ssss
3611.jpg,ssss
3612.jpg,ssss
3613.jpg,ssss
3614.jpg,ssss
3615.jpg,ssss
3616.jpg,ssss
3617.jpg,ssss
3618.jpg,ssss
3619.jpg,ssss
3620.jpg,ssss
3621.jpg,ssss
3622.jpg,ssss
3623.jpg,ssss
3624.jpg,ssss
3625.jpg,ssss
3626.jpg,ssss
3627.jpg,ssss
3628.jpg,ssss
3629.jpg,ssss
3630.jpg,ssss
3631.jpg,ssss
3632.jpg,ssss
3633.jpg,ssss
3634.jpg,ssss
3635.jpg,ssss
3636.jpg,ssss
3637.jpg,ssss
3638.jpg,ssss
3639.jpg,ssss
3640.jpg,ssss
3641.jpg,ssss
3642.jpg,ssss
3643.jpg,ssss
3644.jpg,ssss
3645.jpg,ssss
3646.jpg,ssss
3647.jpg,ssss
3648.jpg,ssss
3649.jpg,ssss
3650.jpg,ssss
3651.jpg,ssss
3652.jpg,ssss
3653.jpg,ssss
3654.jpg,ssss
3655.jpg,ssss
3656.jpg,ssss
3657.jpg,ssss
3658.jpg,ssss
3659.jpg,ssss
3660.jpg,ssss
3661.jpg,ssss
3662.jpg,ssss
3663.jpg,ssss
3664.jpg,ssss
3665.jpg,ssss
3666.jpg,ssss
3667.jpg,ssss
3668.jpg,ssss
3669.jpg,ssss
3670.jpg,ssss
3671.jpg,ssss
3672.jpg,ssss
3673.jpg,ssss
3674.jpg,ssss
3675.jpg,ssss
3676.jpg,ssss
3677.jpg,ssss
3678.jpg,ssss
3679.jpg,ssss
3680.jpg,ssss
3681.jpg,ssss
3682.jpg,ssss
3683.jpg,ssss
3684.jpg,ssss
3685.jpg,ssss
3686.jpg,ssss
3687.jpg,ssss
3688.jpg,ssss
3689.jpg,ssss
3690.jpg,ssss
3691.jpg,ssss
3692.jpg,ssss
3693.jpg,ssss
3694.jpg,ssss
3695.jpg,ssss
3696.jpg,ssss
3697.jpg,ssss
3698.jpg,ssss
3699.jpg,ssss
3700.jpg,ssss
3701.jpg,ssss
3702.jpg,ssss
3703.jpg,ssss
3704.jpg,ssss
3705.jpg,ssss
3706.jpg,ssss
3707.jpg,ssss
3708.jpg,ssss
3709.jpg,ssss
3710.jpg,ssss
3711.jpg,ssss
3712.jpg,ssss
3713.jpg,ssss
3714.jpg,ssss
3715.jpg,ssss
3716.jpg,ssss
3717.jpg,ssss
3718.jpg,ssss
3719.jpg,ssss
3720.jpg,ssss
3721.jpg,ssss
3722.jpg,ssss
3723.jpg,ssss
3724.jpg,ssss
3725.jpg,ssss
3726.jpg,ssss
3727.jpg,ssss
3728.jpg,ssss
3729.jpg,ssss
3730.jpg,ssss
3731.jpg,ssss
3732.jpg,ssss
3733.jpg,ssss
3734.jpg,ssss
3735.jpg,ssss
3736.jpg,ssss
3737.jpg,ssss
3738.jpg,ssss
3739.jpg,ssss
3740.jpg,ssss
3741.jpg,ssss
3742.jpg,ssss
3743.jpg,ssss
3744.jpg,ssss
3745.jpg,ssss
3746.jpg,ssss
3747.jpg,ssss
3748.jpg,ssss
3749.jpg,ssss
3750.jpg,ssss
3751.jpg,ssss
3752.jpg,ssss
3753.jpg,ssss
3754.jpg,ssss
3755.jpg,ssss
3756.jpg,ssss
3757.jpg,ssss
3758.jpg,ssss
3759.jpg,ssss
3760.jpg,ssss
3761.jpg,ssss
3762.jpg,ssss
3763.jpg,ssss
3764.jpg,ssss
3765.jpg,ssss
3766.jpg,ssss
3767.jpg,ssss
3768.jpg,ssss
3769.jpg,ssss
3770.jpg,ssss
3771.jpg,ssss
3772.jpg,ssss
3773.jpg,ssss
3774.jpg,ssss
3775.jpg,ssss
3776.jpg,ssss
3777.jpg,ssss
3778.jpg,ssss
3779.jpg,ssss
3780.jpg,ssss
3781.jpg,ssss
3782.jpg,ssss
3783.jpg,ssss
3784.jpg,ssss
3785.jpg,ssss
3786.jpg,ssss
3787.jpg,ssss
3788.jpg,ssss
3789.jpg,ssss
3790.jpg,ssss
3791.jpg,ssss
3792.jpg,ssss
3793.jpg,ssss
3794.jpg,ssss
3795.jpg,ssss
3796.jpg,ssss
3797.jpg,ssss
3798.jpg,ssss
3799.jpg,ssss
3800.jpg,ssss
3801.jpg,ssss
3802.jpg,ssss
3803.jpg,ssss
3804.jpg,ssss
3805.jpg,ssss
3806.jpg,ssss
3807.jpg,ssss
3808.jpg,ssss
3809.jpg,ssss
3810.jpg,ssss
3811.jpg,ssss
3812.jpg,ssss
3813.jpg,ssss
3814.jpg,ssss
3815.jpg,ssss
3816.jpg,ssss
3817.jpg,ssss
3818.jpg,ssss
3819.jpg,ssss
3820.jpg,ssss
3821.jpg,ssss
3822.jpg,ssss
3823.jpg,ssss
3824.jpg,ssss
3825.jpg,ssss
3826.jpg,ssss
3827.jpg,ssss
3828.jpg,ssss
3829.jpg,ssss
3830.jpg,ssss
3831.jpg,ssss
3832.jpg,ssss
3833.jpg,ssss
3834.jpg,ssss
3835.jpg,ssss
3836.jpg,ssss
3837.jpg,ssss
3838.jpg,ssss
3839.jpg,ssss
3840.jpg,ssss
3841.jpg,ssss
3842.jpg,ssss
3843.jpg,ssss
3844.jpg,ssss
3845.jpg,ssss
3846.jpg,ssss
3847.jpg,ssss
3848.jpg,ssss
3849.jpg,ssss
3850.jpg,ssss
3851.jpg,ssss
3852.jpg,ssss
3853.jpg,ssss
3854.jpg,ssss
3855.jpg,ssss
3856.jpg,ssss
3857.jpg,ssss
3858.jpg,ssss
3859.jpg,ssss
3860.jpg,ssss
3861.jpg,ssss
3862.jpg,ssss
3863.jpg,ssss
3864.jpg,ssss
3865.jpg,ssss
3866.jpg,ssss
3867.jpg,ssss
3868.jpg,ssss
3869.jpg,ssss
3870.jpg,ssss
3871.jpg,ssss
3872.jpg,ssss
3873.jpg,ssss
3874.jpg,ssss
3875.jpg,ssss
3876.jpg,ssss
3877.jpg,ssss
3878.jpg,ssss
3879.jpg,ssss
3880.jpg,ssss
3881.jpg,ssss
3882.jpg,ssss
3883.jpg,ssss
3884.jpg,ssss
3885.jpg,ssss
3886.jpg,ssss
3887.jpg,ssss
3888.jpg,ssss
3889.jpg,ssss
3890.jpg,ssss
3891.jpg,ssss
3892.jpg,ssss
3893.jpg,ssss
3894.jpg,ssss
3895.jpg,ssss
3896.jpg,ssss
3897.jpg,ssss
3898.jpg,ssss
3899.jpg,ssss
3900.jpg,ssss
3901.jpg,ssss
3902.jpg,ssss
3903.jpg,ssss
3904.jpg,ssss
3905.jpg,ssss
3906.jpg,ssss
3907.jpg,ssss
3908.jpg,ssss
3909.jpg,ssss
3910.jpg,ssss
3911.jpg,ssss
3912.jpg,ssss
3913.jpg,ssss
3914.jpg,ssss
3915.jpg,ssss
3916.jpg,ssss
3917.jpg,ssss
3918.jpg,ssss
3919.jpg,ssss
3920.jpg,ssss
3921.jpg,ssss
3922.jpg,ssss
3923.jpg,ssss
3924.jpg,ssss
3925.jpg,ssss
3926.jpg,ssss
3927.jpg,ssss
3928.jpg,ssss
3929.jpg,ssss
3930.jpg,ssss
3931.jpg,ssss
3932.jpg,ssss
3933.jpg,ssss
3934.jpg,ssss
3935.jpg,ssss
3936.jpg,ssss
3937.jpg,ssss
3938.jpg,ssss
3939.jpg,ssss
3940.jpg,ssss
3941.jpg,ssss
3942.jpg,ssss
3943.jpg,ssss
3944.jpg,ssss
3945.jpg,ssss
3946.jpg,ssss
3947.jpg,ssss
3948.jpg,ssss
3949.jpg,ssss
3950.jpg,ssss
3951.jpg,ssss
3952.jpg,ssss
3953.jpg,ssss
3954.jpg,ssss
3955.jpg,ssss
3956.jpg,ssss
3957.jpg,ssss
3958.jpg,ssss
3959.jpg,ssss
3960.jpg,ssss
3961.jpg,ssss
3962.jpg,ssss
3963.jpg,ssss
3964.jpg,ssss
3965.jpg,ssss
3966.jpg,ssss
3967.jpg,ssss
3968.jpg,ssss
3969.jpg,ssss
3970.jpg,ssss
3971.jpg,ssss
3972.jpg,ssss
3973.jpg,ssss
3974.jpg,ssss
3975.jpg,ssss
3976.jpg,ssss
3977.jpg,ssss
3978.jpg,ssss
3979.jpg,ssss
3980.jpg,ssss
3981.jpg,ssss
3982.jpg,ssss
3983.jpg,ssss
3984.jpg,ssss
3985.jpg,ssss
3986.jpg,ssss
3987.jpg,ssss
3988.jpg,ssss
3989.jpg,ssss
3990.jpg,ssss
3991.jpg,ssss
3992.jpg,ssss
3993.jpg,ssss
3994.jpg,ssss
3995.jpg,ssss
3996.jpg,ssss
3997.jpg,ssss
3998.jpg,ssss
3999.jpg,ssss
4000.jpg,ssss
4001.jpg,ssss
4002.jpg,ssss
4003.jpg,ssss
4004.jpg,ssss
4005.jpg,ssss
4006.jpg,ssss
4007.jpg,ssss
4008.jpg,ssss
4009.jpg,ssss
4010.jpg,ssss
4011.jpg,ssss
4012.jpg,ssss
4013.jpg,ssss
4014.jpg,ssss
4015.jpg,ssss
4016.jpg,ssss
4017.jpg,ssss
4018.jpg,ssss
4019.jpg,ssss
4020.jpg,ssss
4021.jpg,ssss
4022.jpg,ssss
4023.jpg,ssss
4024.jpg,ssss
4025.jpg,ssss
4026.jpg,ssss
4027.jpg,ssss
4028.jpg,ssss
4029.jpg,ssss
4030.jpg,ssss
4031.jpg,ssss
4032.jpg,ssss
4033.jpg,ssss
4034.jpg,ssss
4035.jpg,ssss
4036.jpg,ssss
4037.jpg,ssss
4038.jpg,ssss
4039.jpg,ssss
4040.jpg,ssss
4041.jpg,ssss
4042.jpg,ssss
4043.jpg,ssss
4044.jpg,ssss
4045.jpg,ssss
4046.jpg,ssss
4047.jpg,ssss
4048.jpg,ssss
4049.jpg,ssss
4050.jpg,ssss
4051.jpg,ssss
4052.jpg,ssss
4053.jpg,ssss
4054.jpg,ssss
4055.jpg,ssss
4056.jpg,ssss
4057.jpg,ssss
4058.jpg,ssss
4059.jpg,ssss
4060.jpg,ssss
4061.jpg,ssss
4062.jpg,ssss
4063.jpg,ssss
4064.jpg,ssss
4065.jpg,ssss
4066.jpg,ssss
4067.jpg,ssss
4068.jpg,ssss
4069.jpg,ssss
4070.jpg,ssss
4071.jpg,ssss
4072.jpg,ssss
4073.jpg,ssss
4074.jpg,ssss
4075.jpg,ssss
4076.jpg,ssss
4077.jpg,ssss
4078.jpg,ssss
4079.jpg,ssss
4080.jpg,ssss
4081.jpg,ssss
4082.jpg,ssss
4083.jpg,ssss
4084.jpg,ssss
4085.jpg,ssss
4086.jpg,ssss
4087.jpg,ssss
4088.jpg,ssss
4089.jpg,ssss
4090.jpg,ssss
4091.jpg,ssss
4092.jpg,ssss
4093.jpg,ssss
4094.jpg,ssss
4095.jpg,ssss
4096.jpg,ssss
4097.jpg,ssss
4098.jpg,ssss
4099.jpg,ssss
4100.jpg,ssss
4101.jpg,ssss
4102.jpg,ssss
4103.jpg,ssss
4104.jpg,ssss
4105.jpg,ssss
4106.jpg,ssss
4107.jpg,ssss
4108.jpg,ssss
4109.jpg,ssss
4110.jpg,ssss
4111.jpg,ssss
4112.jpg,ssss
4113.jpg,ssss
4114.jpg,ssss
4115.jpg,ssss
4116.jpg,ssss
4117.jpg,ssss
4118.jpg,ssss
4119.jpg,ssss
4120.jpg,ssss
4121.jpg,ssss
4122.jpg,ssss
4123.jpg,ssss
4124.jpg,ssss
4125.jpg,ssss
4126.jpg,ssss
4127.jpg,ssss
4128.jpg,ssss
4129.jpg,ssss
4130.jpg,ssss
4131.jpg,ssss
4132.jpg,ssss
4133.jpg,ssss
4134.jpg,ssss
4135.jpg,ssss
4136.jpg,ssss
4137.jpg,ssss
4138.jpg,ssss
4139.jpg,ssss
4140.jpg,ssss
4141.jpg,ssss
4142.jpg,ssss
4143.jpg,ssss
4144.jpg,ssss
4145.jpg,ssss
4146.jpg,ssss
4147.jpg,ssss
4148.jpg,ssss
4149.jpg,ssss
4150.jpg,ssss
4151.jpg,ssss
4152.jpg,ssss
4153.jpg,ssss
4154.jpg,ssss
4155.jpg,ssss
4156.jpg,ssss
4157.jpg,ssss
4158.jpg,ssss
4159.jpg,ssss
4160.jpg,ssss
4161.jpg,ssss
4162.jpg,ssss
4163.jpg,ssss
4164.jpg,ssss
4165.jpg,ssss
4166.jpg,ssss
4167.jpg,ssss
4168.jpg,ssss
4169.jpg,ssss
4170.jpg,ssss
4171.jpg,ssss
4172.jpg,ssss
4173.jpg,ssss
4174.jpg,ssss
4175.jpg,ssss
4176.jpg,ssss
4177.jpg,ssss
4178.jpg,ssss
4179.jpg,ssss
4180.jpg,ssss
4181.jpg,ssss
4182.jpg,ssss
4183.jpg,ssss
4184.jpg,ssss
4185.jpg,ssss
4186.jpg,ssss
4187.jpg,ssss
4188.jpg,ssss
4189.jpg,ssss
4190.jpg,ssss
4191.jpg,ssss
4192.jpg,ssss
4193.jpg,ssss
4194.jpg,ssss
4195.jpg,ssss
4196.jpg,ssss
4197.jpg,ssss
4198.jpg,ssss
4199.jpg,ssss
4200.jpg,ssss
4201.jpg,ssss
4202.jpg,ssss
4203.jpg,ssss
4204.jpg,ssss
4205.jpg,ssss
4206.jpg,ssss
4207.jpg,ssss
4208.jpg,ssss
4209.jpg,ssss
4210.jpg,ssss
4211.jpg,ssss
4212.jpg,ssss
4213.jpg,ssss
4214.jpg,ssss
4215.jpg,ssss
4216.jpg,ssss
4217.jpg,ssss
4218.jpg,ssss
4219.jpg,ssss
4220.jpg,ssss
4221.jpg,ssss
4222.jpg,ssss
4223.jpg,ssss
4224.jpg,ssss
4225.jpg,ssss
4226.jpg,ssss
4227.jpg,ssss
4228.jpg,ssss
4229.jpg,ssss
4230.jpg,ssss
4231.jpg,ssss
4232.jpg,ssss
4233.jpg,ssss
4234.jpg,ssss
4235.jpg,ssss
4236.jpg,ssss
4237.jpg,ssss
4238.jpg,ssss
4239.jpg,ssss
4240.jpg,ssss
4241.jpg,ssss
4242.jpg,ssss
4243.jpg,ssss
4244.jpg,ssss
4245.jpg,ssss
4246.jpg,ssss
4247.jpg,ssss
4248.jpg,ssss
4249.jpg,ssss
4250.jpg,ssss
4251.jpg,ssss
4252.jpg,ssss
4253.jpg,ssss
4254.jpg,ssss
4255.jpg,ssss
4256.jpg,ssss
4257.jpg,ssss
4258.jpg,ssss
4259.jpg,ssss
4260.jpg,ssss
4261.jpg,ssss
4262.jpg,ssss
4263.jpg,ssss
4264.jpg,ssss
4265.jpg,ssss
4266.jpg,ssss
4267.jpg,ssss
4268.jpg,ssss
4269.jpg,ssss
4270.jpg,ssss
4271.jpg,ssss
4272.jpg,ssss
4273.jpg,ssss
4274.jpg,ssss
4275.jpg,ssss
4276.jpg,ssss
4277.jpg,ssss
4278.jpg,ssss
4279.jpg,ssss
4280.jpg,ssss
4281.jpg,ssss
4282.jpg,ssss
4283.jpg,ssss
4284.jpg,ssss
4285.jpg,ssss
4286.jpg,ssss
4287.jpg,ssss
4288.jpg,ssss
4289.jpg,ssss
4290.jpg,ssss
4291.jpg,ssss
4292.jpg,ssss
4293.jpg,ssss
4294.jpg,ssss
4295.jpg,ssss
4296.jpg,ssss
4297.jpg,ssss
4298.jpg,ssss
4299.jpg,ssss
4300.jpg,ssss
4301.jpg,ssss
4302.jpg,ssss
4303.jpg,ssss
4304.jpg,ssss
4305.jpg,ssss
4306.jpg,ssss
4307.jpg,ssss
4308.jpg,ssss
4309.jpg,ssss
4310.jpg,ssss
4311.jpg,ssss
4312.jpg,ssss
4313.jpg,ssss
4314.jpg,ssss
4315.jpg,ssss
4316.jpg,ssss
4317.jpg,ssss
4318.jpg,ssss
4319.jpg,ssss
4320.jpg,ssss
4321.jpg,ssss
4322.jpg,ssss
4323.jpg,ssss
4324.jpg,ssss
4325.jpg,ssss
4326.jpg,ssss
4327.jpg,ssss
4328.jpg,ssss
4329.jpg,ssss
4330.jpg,ssss
4331.jpg,ssss
4332.jpg,ssss
4333.jpg,ssss
4334.jpg,ssss
4335.jpg,ssss
4336.jpg,ssss
4337.jpg,ssss
4338.jpg,ssss
4339.jpg,ssss
4340.jpg,ssss
4341.jpg,ssss
4342.jpg,ssss
4343.jpg,ssss
4344.jpg,ssss
4345.jpg,ssss
4346.jpg,ssss
4347.jpg,ssss
4348.jpg,ssss
4349.jpg,ssss
4350.jpg,ssss
4351.jpg,ssss
4352.jpg,ssss
4353.jpg,ssss
4354.jpg,ssss
4355.jpg,ssss
4356.jpg,ssss
4357.jpg,ssss
4358.jpg,ssss
4359.jpg,ssss
4360.jpg,ssss
4361.jpg,ssss
4362.jpg,ssss
4363.jpg,ssss
4364.jpg,ssss
4365.jpg,ssss
4366.jpg,ssss
4367.jpg,ssss
4368.jpg,ssss
4369.jpg,ssss
4370.jpg,ssss
4371.jpg,ssss
4372.jpg,ssss
4373.jpg,ssss
4374.jpg,ssss
4375.jpg,ssss
4376.jpg,ssss
4377.jpg,ssss
4378.jpg,ssss
4379.jpg,ssss
4380.jpg,ssss
4381.jpg,ssss
4382.jpg,ssss
4383.jpg,ssss
4384.jpg,ssss
4385.jpg,ssss
4386.jpg,ssss
4387.jpg,ssss
4388.jpg,ssss
4389.jpg,ssss
4390.jpg,ssss
4391.jpg,ssss
4392.jpg,ssss
4393.jpg,ssss
4394.jpg,ssss
4395.jpg,ssss
4396.jpg,ssss
4397.jpg,ssss
4398.jpg,ssss
4399.jpg,ssss
4400.jpg,ssss
4401.jpg,ssss
4402.jpg,ssss
4403.jpg,ssss
4404.jpg,ssss
4405.jpg,ssss
4406.jpg,ssss
4407.jpg,ssss
4408.jpg,ssss
4409.jpg,ssss
4410.jpg,ssss
4411.jpg,ssss
4412.jpg,ssss
4413.jpg,ssss
4414.jpg,ssss
4415.jpg,ssss
4416.jpg,ssss
4417.jpg,ssss
4418.jpg,ssss
4419.jpg,ssss
4420.jpg,ssss
4421.jpg,ssss
4422.jpg,ssss
4423.jpg,ssss
4424.jpg,ssss
4425.jpg,ssss
4426.jpg,ssss
4427.jpg,ssss
4428.jpg,ssss
4429.jpg,ssss
4430.jpg,ssss
4431.jpg,ssss
4432.jpg,ssss
4433.jpg,ssss
4434.jpg,ssss
4435.jpg,ssss
4436.jpg,ssss
4437.jpg,ssss
4438.jpg,ssss
4439.jpg,ssss
4440.jpg,ssss
4441.jpg,ssss
4442.jpg,ssss
4443.jpg,ssss
4444.jpg,ssss
4445.jpg,ssss
4446.jpg,ssss
4447.jpg,ssss
4448.jpg,ssss
4449.jpg,ssss
4450.jpg,ssss
4451.jpg,ssss
4452.jpg,ssss
4453.jpg,ssss
4454.jpg,ssss
4455.jpg,ssss
4456.jpg,ssss
4457.jpg,ssss
4458.jpg,ssss
4459.jpg,ssss
4460.jpg,ssss
4461.jpg,ssss
4462.jpg,ssss
4463.jpg,ssss
4464.jpg,ssss
4465.jpg,ssss
4466.jpg,ssss
4467.jpg,ssss
4468.jpg,ssss
4469.jpg,ssss
4470.jpg,ssss
4471.jpg,ssss
4472.jpg,ssss
4473.jpg,ssss
4474.jpg,ssss
4475.jpg,ssss
4476.jpg,ssss
4477.jpg,ssss
4478.jpg,ssss
4479.jpg,ssss
4480.jpg,ssss
4481.jpg,ssss
4482.jpg,ssss
4483.jpg,ssss
4484.jpg,ssss
4485.jpg,ssss
4486.jpg,ssss
4487.jpg,ssss
4488.jpg,ssss
4489.jpg,ssss
4490.jpg,ssss
4491.jpg,ssss
4492.jpg,ssss
4493.jpg,ssss
4494.jpg,ssss
4495.jpg,ssss
4496.jpg,ssss
4497.jpg,ssss
4498.jpg,ssss
4499.jpg,ssss
4500.jpg,ssss
4501.jpg,ssss
4502.jpg,ssss
4503.jpg,ssss
4504.jpg,ssss
4505.jpg,ssss
4506.jpg,ssss
4507.jpg,ssss
4508.jpg,ssss
4509.jpg,ssss
4510.jpg,ssss
4511.jpg,ssss
4512.jpg,ssss
4513.jpg,ssss
4514.jpg,ssss
4515.jpg,ssss
4516.jpg,ssss
4517.jpg,ssss
4518.jpg,ssss
4519.jpg,ssss
4520.jpg,ssss
4521.jpg,ssss
4522.jpg,ssss
4523.jpg,ssss
4524.jpg,ssss
4525.jpg,ssss
4526.jpg,ssss
4527.jpg,ssss
4528.jpg,ssss
4529.jpg,ssss
4530.jpg,ssss
4531.jpg,ssss
4532.jpg,ssss
4533.jpg,ssss
4534.jpg,ssss
4535.jpg,ssss
4536.jpg,ssss
4537.jpg,ssss
4538.jpg,ssss
4539.jpg,ssss
4540.jpg,ssss
4541.jpg,ssss
4542.jpg,ssss
4543.jpg,ssss
4544.jpg,ssss
4545.jpg,ssss
4546.jpg,ssss
4547.jpg,ssss
4548.jpg,ssss
4549.jpg,ssss
4550.jpg,ssss
4551.jpg,ssss
4552.jpg,ssss
4553.jpg,ssss
4554.jpg,ssss
4555.jpg,ssss
4556.jpg,ssss
4557.jpg,ssss
4558.jpg,ssss
4559.jpg,ssss
4560.jpg,ssss
4561.jpg,ssss
4562.jpg,ssss
4563.jpg,ssss
4564.jpg,ssss
4565.jpg,ssss
4566.jpg,ssss
4567.jpg,ssss
4568.jpg,ssss
4569.jpg,ssss
4570.jpg,ssss
4571.jpg,ssss
4572.jpg,ssss
4573.jpg,ssss
4574.jpg,ssss
4575.jpg,ssss
4576.jpg,ssss
4577.jpg,ssss
4578.jpg,ssss
4579.jpg,ssss
4580.jpg,ssss
4581.jpg,ssss
4582.jpg,ssss
4583.jpg,ssss
4584.jpg,ssss
4585.jpg,ssss
4586.jpg,ssss
4587.jpg,ssss
4588.jpg,ssss
4589.jpg,ssss
4590.jpg,ssss
4591.jpg,ssss
4592.jpg,ssss
4593.jpg,ssss
4594.jpg,ssss
4595.jpg,ssss
4596.jpg,ssss
4597.jpg,ssss
4598.jpg,ssss
4599.jpg,ssss
4600.jpg,ssss
4601.jpg,ssss
4602.jpg,ssss
4603.jpg,ssss
4604.jpg,ssss
4605.jpg,ssss
4606.jpg,ssss
4607.jpg,ssss
4608.jpg,ssss
4609.jpg,ssss
4610.jpg,ssss
4611.jpg,ssss
4612.jpg,ssss
4613.jpg,ssss
4614.jpg,ssss
4615.jpg,ssss
4616.jpg,ssss
4617.jpg,ssss
4618.jpg,ssss
4619.jpg,ssss
4620.jpg,ssss
4621.jpg,ssss
4622.jpg,ssss
4623.jpg,ssss
4624.jpg,ssss
4625.jpg,ssss
4626.jpg,ssss
4627.jpg,ssss
4628.jpg,ssss
4629.jpg,ssss
4630.jpg,ssss
4631.jpg,ssss
4632.jpg,ssss
4633.jpg,ssss
4634.jpg,ssss
4635.jpg,ssss
4636.jpg,ssss
4637.jpg,ssss
4638.jpg,ssss
4639.jpg,ssss
4640.jpg,ssss
4641.jpg,ssss
4642.jpg,ssss
4643.jpg,ssss
4644.jpg,ssss
4645.jpg,ssss
4646.jpg,ssss
4647.jpg,ssss
4648.jpg,ssss
4649.jpg,ssss
4650.jpg,ssss
4651.jpg,ssss
4652.jpg,ssss
4653.jpg,ssss
4654.jpg,ssss
4655.jpg,ssss
4656.jpg,ssss
4657.jpg,ssss
4658.jpg,ssss
4659.jpg,ssss
4660.jpg,ssss
4661.jpg,ssss
4662.jpg,ssss
4663.jpg,ssss
4664.jpg,ssss
4665.jpg,ssss
4666.jpg,ssss
4667.jpg,ssss
4668.jpg,ssss
4669.jpg,ssss
4670.jpg,ssss
4671.jpg,ssss
4672.jpg,ssss
4673.jpg,ssss
4674.jpg,ssss
4675.jpg,ssss
4676.jpg,ssss
4677.jpg,ssss
4678.jpg,ssss
4679.jpg,ssss
4680.jpg,ssss
4681.jpg,ssss
4682.jpg,ssss
4683.jpg,ssss
4684.jpg,ssss
4685.jpg,ssss
4686.jpg,ssss
4687.jpg,ssss
4688.jpg,ssss
4689.jpg,ssss
4690.jpg,ssss
4691.jpg,ssss
4692.jpg,ssss
4693.jpg,ssss
4694.jpg,ssss
4695.jpg,ssss
4696.jpg,ssss
4697.jpg,ssss
4698.jpg,ssss
4699.jpg,ssss
4700.jpg,ssss
4701.jpg,ssss
4702.jpg,ssss
4703.jpg,ssss
4704.jpg,ssss
4705.jpg,ssss
4706.jpg,ssss
4707.jpg,ssss
4708.jpg,ssss
4709.jpg,ssss
4710.jpg,ssss
4711.jpg,ssss
4712.jpg,ssss
4713.jpg,ssss
4714.jpg,ssss
4715.jpg,ssss
4716.jpg,ssss
4717.jpg,ssss
4718.jpg,ssss
4719.jpg,ssss
4720.jpg,ssss
4721.jpg,ssss
4722.jpg,ssss
4723.jpg,ssss
4724.jpg,ssss
4725.jpg,ssss
4726.jpg,ssss
4727.jpg,ssss
4728.jpg,ssss
4729.jpg,ssss
4730.jpg,ssss
4731.jpg,ssss
4732.jpg,ssss
4733.jpg,ssss
4734.jpg,ssss
4735.jpg,ssss
4736.jpg,ssss
4737.jpg,ssss
4738.jpg,ssss
4739.jpg,ssss
4740.jpg,ssss
4741.jpg,ssss
4742.jpg,ssss
4743.jpg,ssss
4744.jpg,ssss
4745.jpg,ssss
4746.jpg,ssss
4747.jpg,ssss
4748.jpg,ssss
4749.jpg,ssss
4750.jpg,ssss
4751.jpg,ssss
4752.jpg,ssss
4753.jpg,ssss
4754.jpg,ssss
4755.jpg,ssss
4756.jpg,ssss
4757.jpg,ssss
4758.jpg,ssss
4759.jpg,ssss
4760.jpg,ssss
4761.jpg,ssss
4762.jpg,ssss
4763.jpg,ssss
4764.jpg,ssss
4765.jpg,ssss
4766.jpg,ssss
4767.jpg,ssss
4768.jpg,ssss
4769.jpg,ssss
4770.jpg,ssss
4771.jpg,ssss
4772.jpg,ssss
4773.jpg,ssss
4774.jpg,ssss
4775.jpg,ssss
4776.jpg,ssss
4777.jpg,ssss
4778.jpg,ssss
4779.jpg,ssss
4780.jpg,ssss
4781.jpg,ssss
4782.jpg,ssss
4783.jpg,ssss
4784.jpg,ssss
4785.jpg,ssss
4786.jpg,ssss
4787.jpg,ssss
4788.jpg,ssss
4789.jpg,ssss
4790.jpg,ssss
4791.jpg,ssss
4792.jpg,ssss
4793.jpg,ssss
4794.jpg,ssss
4795.jpg,ssss
4796.jpg,ssss
4797.jpg,ssss
4798.jpg,ssss
4799.jpg,ssss
4800.jpg,ssss
4801.jpg,ssss
4802.jpg,ssss
4803.jpg,ssss
4804.jpg,ssss
4805.jpg,ssss
4806.jpg,ssss
4807.jpg,ssss
4808.jpg,ssss
4809.jpg,ssss
4810.jpg,ssss
4811.jpg,ssss
4812.jpg,ssss
4813.jpg,ssss
4814.jpg,ssss
4815.jpg,ssss
4816.jpg,ssss
4817.jpg,ssss
4818.jpg,ssss
4819.jpg,ssss
4820.jpg,ssss
4821.jpg,ssss
4822.jpg,ssss
4823.jpg,ssss
4824.jpg,ssss
4825.jpg,ssss
4826.jpg,ssss
4827.jpg,ssss
4828.jpg,ssss
4829.jpg,ssss
4830.jpg,ssss
4831.jpg,ssss
4832.jpg,ssss
4833.jpg,ssss
4834.jpg,ssss
4835.jpg,ssss
4836.jpg,ssss
4837.jpg,ssss
4838.jpg,ssss
4839.jpg,ssss
4840.jpg,ssss
4841.jpg,ssss
4842.jpg,ssss
4843.jpg,ssss
4844.jpg,ssss
4845.jpg,ssss
4846.jpg,ssss
4847.jpg,ssss
4848.jpg,ssss
4849.jpg,ssss
4850.jpg,ssss
4851.jpg,ssss
4852.jpg,ssss
4853.jpg,ssss
4854.jpg,ssss
4855.jpg,ssss
4856.jpg,ssss
4857.jpg,ssss
4858.jpg,ssss
4859.jpg,ssss
4860.jpg,ssss
4861.jpg,ssss
4862.jpg,ssss
4863.jpg,ssss
4864.jpg,ssss
4865.jpg,ssss
4866.jpg,ssss
4867.jpg,ssss
4868.jpg,ssss
4869.jpg,ssss
4870.jpg,ssss
4871.jpg,ssss
4872.jpg,ssss
4873.jpg,ssss
4874.jpg,ssss
4875.jpg,ssss
4876.jpg,ssss
4877.jpg,ssss
4878.jpg,ssss
4879.jpg,ssss
4880.jpg,ssss
4881.jpg,ssss
4882.jpg,ssss
4883.jpg,ssss
4884.jpg,ssss
4885.jpg,ssss
4886.jpg,ssss
4887.jpg,ssss
4888.jpg,ssss
4889.jpg,ssss
4890.jpg,ssss
4891.jpg,ssss
4892.jpg,ssss
4893.jpg,ssss
4894.jpg,ssss
4895.jpg,ssss
4896.jpg,ssss
4897.jpg,ssss
4898.jpg,ssss
4899.jpg,ssss
4900.jpg,ssss
4901.jpg,ssss
4902.jpg,ssss
4903.jpg,ssss
4904.jpg,ssss
4905.jpg,ssss
4906.jpg,ssss
4907.jpg,ssss
4908.jpg,ssss
4909.jpg,ssss
4910.jpg,ssss
4911.jpg,ssss
4912.jpg,ssss
4913.jpg,ssss
4914.jpg,ssss
4915.jpg,ssss
4916.jpg,ssss
4917.jpg,ssss
4918.jpg,ssss
4919.jpg,ssss
4920.jpg,ssss
4921.jpg,ssss
4922.jpg,ssss
4923.jpg,ssss
4924.jpg,ssss
4925.jpg,ssss
4926.jpg,ssss
4927.jpg,ssss
4928.jpg,ssss
4929.jpg,ssss
4930.jpg,ssss
4931.jpg,ssss
4932.jpg,ssss
4933.jpg,ssss
4934.jpg,ssss
4935.jpg,ssss
4936.jpg,ssss
4937.jpg,ssss
4938.jpg,ssss
4939.jpg,ssss
4940.jpg,ssss
4941.jpg,ssss
4942.jpg,ssss
4943.jpg,ssss
4944.jpg,ssss
4945.jpg,ssss
4946.jpg,ssss
4947.jpg,ssss
4948.jpg,ssss
4949.jpg,ssss
4950.jpg,ssss
4951.jpg,ssss
4952.jpg,ssss
4953.jpg,ssss
4954.jpg,ssss
4955.jpg,ssss
4956.jpg,ssss
4957.jpg,ssss
4958.jpg,ssss
4959.jpg,ssss
4960.jpg,ssss
4961.jpg,ssss
4962.jpg,ssss
4963.jpg,ssss
4964.jpg,ssss
4965.jpg,ssss
4966.jpg,ssss
4967.jpg,ssss
4968.jpg,ssss
4969.jpg,ssss
4970.jpg,ssss
4971.jpg,ssss
4972.jpg,ssss
4973.jpg,ssss
4974.jpg,ssss
4975.jpg,ssss
4976.jpg,ssss
4977.jpg,ssss
4978.jpg,ssss
4979.jpg,ssss
4980.jpg,ssss
4981.jpg,ssss
4982.jpg,ssss
4983.jpg,ssss
4984.jpg,ssss
4985.jpg,ssss
4986.jpg,ssss
4987.jpg,ssss
4988.jpg,ssss
4989.jpg,ssss
4990.jpg,ssss
4991.jpg,ssss
4992.jpg,ssss
4993.jpg,ssss
4994.jpg,ssss
4995.jpg,ssss
4996.jpg,ssss
4997.jpg,ssss
4998.jpg,ssss
4999.jpg,ssss
5000.jpg,ssss
